CHROM,POS,TYPE,REF,ALT,HOM-REF,HOM-VAR,HET,VAR,SC5314,529L,P60002,MAY103.GT,MAY316.GT,MAY154.GT,MAY155.GT,MAY156.GT,MAY157.GT,MAY158.GT,MAY332.GT,MAY333.GT
Ca21chr1_C_albicans_SC5314,61,SNP,T,C,11,1,0,1,T/T,C/C,T/T,T/T,T/T,T/T,T/T,T/T,T/T,T/T,T/T,T/T
Ca21chr1_C_albicans_SC5314,203,SNP,A,G,5,0,7,7,A/A,A/G,A/A,A/G,A/A,A/G,A/G,A/G,A/G,A/G,A/A,A/A
Ca21chr1_C_albicans_SC5314,205,SNP,A,G,5,0,7,7,A/A,A/G,A/A,A/G,A/A,A/G,A/G,A/G,A/G,A/G,A/A,A/A
Ca21chr1_C_albicans_SC5314,363,SNP,T,C,11,0,1,1,T/T,T/T,T/T,T/C,T/T,T/T,T/T,T/T,T/T,T/T,T/T,T/T
Ca21chr1_C_albicans_SC5314,369,SNP,A,T,7,1,4,5,A/A,T/T,A/A,A/A,A/A,A/T,A/T,A/T,A/T,A/A,A/A,A/A
Ca21chr2_C_albicans_SC5314,6005,SNP,A,C,5,2,5,7,A/A,C/C,A/A,A/C,A/A,A/C,A/C,A/C,C/C,A/C,A/A,A/A
Ca21chr2_C_albicans_SC5314,6117,SNP,G,A,5,2,5,7,G/G,A/A,G/G,G/A,G/G,G/A,G/A,G/A,A/A,G/A,G/G,G/G
Ca21chr2_C_albicans_SC5314,6225,SNP,G,C,5,2,5,7,G/G,C/C,G/G,G/C,G/G,G/C,G/C,G/C,C/C,G/C,G/G,G/G
Ca21chr2_C_albicans_SC5314,6279,SNP,T,C,5,2,5,7,T/T,C/C,T/T,T/C,T/T,T/C,T/C,T/C,C/C,T/C,T/T,T/T
Ca21chr2_C_albicans_SC5314,6513,SNP,A,G,5,2,5,7,A/A,G/G,A/A,A/G,A/A,A/G,A/G,A/G,G/G,A/G,A/A,A/A
Ca21chr3_C_albicans_SC5314,86707,SNP,T,C,6,1,5,6,T/T,C/C,T/T,T/C,T/T,T/C,T/C,T/C,T/C,T/T,T/T,T/T
Ca21chr3_C_albicans_SC5314,86813,SNP,G,A,6,1,5,6,G/G,A/A,G/G,G/A,G/G,G/A,G/A,G/A,G/A,G/G,G/G,G/G
Ca21chr3_C_albicans_SC5314,87017,SNP,A,T,6,1,5,6,A/A,T/T,A/A,A/T,A/A,A/T,A/T,A/T,A/T,A/A,A/A,A/A
Ca21chr3_C_albicans_SC5314,87220,SNP,G,A,6,1,5,6,G/G,A/A,G/G,G/A,G/G,G/A,G/A,G/A,G/A,G/G,G/G,G/G
Ca21chr3_C_albicans_SC5314,87224,SNP,G,C,6,1,5,6,G/G,C/C,G/G,G/C,G/G,G/C,G/C,G/C,G/C,G/G,G/G,G/G
Ca21chr4_C_albicans_SC5314,99482,SNP,G,A,8,0,4,4,G/G,G/A,G/G,G/A,G/G,G/G,G/G,G/G,G/A,G/A,G/G,G/G
Ca21chr4_C_albicans_SC5314,99608,SNP,C,T,8,0,4,4,./.,C/T,C/C,C/T,C/C,C/C,C/C,C/C,C/T,C/T,C/C,C/C
Ca21chr4_C_albicans_SC5314,99689,SNP,T,C,0,0,12,12,T/C,T/C,T/C,T/C,T/C,T/C,T/C,T/C,T/C,T/C,T/C,T/C
Ca21chr4_C_albicans_SC5314,99746,SNP,G,A,0,3,9,12,G/A,A/A,G/A,G/A,G/A,G/A,G/A,G/A,A/A,A/A,G/A,G/A
Ca21chr4_C_albicans_SC5314,99791,SNP,G,A,0,3,9,12,G/A,A/A,G/A,G/A,G/A,G/A,G/A,G/A,A/A,A/A,G/A,G/A
Ca21chr5_C_albicans_SC5314,148909,SNP,T,G,6,4,2,6,T/T,G/G,T/T,T/G,T/T,G/G,G/G,G/G,T/T,T/G,T/T,T/T
Ca21chr5_C_albicans_SC5314,149049,SNP,G,A,0,7,5,12,G/A,A/A,G/A,A/A,G/A,A/A,A/A,A/A,A/A,A/A,G/A,G/A
Ca21chr5_C_albicans_SC5314,149224,SNP,C,T,6,4,2,6,C/C,T/T,./.,C/T,C/C,T/T,T/T,T/T,C/C,C/T,C/C,C/C
Ca21chr5_C_albicans_SC5314,149248,SNP,A,C,6,4,2,6,A/T,C/G,A/A,A/C,A/A,C/C,C/C,C/C,A/A,A/C,A/A,A/A
Ca21chr5_C_albicans_SC5314,149848,SNP,T,A,7,0,5,5,T/T,T/A,T/T,T/A,T/T,T/A,T/A,T/A,T/T,T/T,T/T,T/T
Ca21chr6_C_albicans_SC5314,57439,SNP,T,C,0,6,6,12,T/C,T/C,T/C,T/C,C/C,C/C,C/C,C/C,T/C,T/C,C/C,C/C
Ca21chr6_C_albicans_SC5314,57449,SNP,C,T,6,0,6,6,C/C,C/T,C/C,C/T,C/C,C/T,C/T,C/T,C/T,C/C,C/C,C/C
Ca21chr6_C_albicans_SC5314,57487,SNP,A,G,3,1,8,9,A/G,G/G,A/G,A/G,A/A,A/G,A/G,A/G,A/G,A/G,A/A,A/A
Ca21chr6_C_albicans_SC5314,57493,SNP,C,G,6,0,6,6,C/G,C/G,C/G,C/G,C/C,C/C,C/C,C/C,C/G,C/G,C/C,C/C
Ca21chr6_C_albicans_SC5314,57595,SNP,A,G,6,0,6,6,A/A,A/G,A/A,A/G,A/A,A/G,A/G,A/G,A/G,A/A,A/A,A/A
Ca21chr7_C_albicans_SC5314,109351,SNP,T,*/C,5,0,7,7,T/T,*/C,T/T,T/C,T/T,T/C,T/C,T/C,T/C,T/C,T/T,T/T
Ca21chr7_C_albicans_SC5314,109378,SNP,T,C,5,0,7,7,T/T,T/C,T/T,T/C,T/T,T/C,T/C,T/C,T/C,T/C,T/T,T/T
Ca21chr7_C_albicans_SC5314,109504,SNP,A,C,10,0,2,2,A/A,A/C,A/A,A/C,A/A,A/A,A/A,A/A,A/A,A/A,A/A,A/A
Ca21chr7_C_albicans_SC5314,109560,SNP,T,C,5,0,7,7,T/T,T/C,T/T,T/C,T/T,T/C,T/C,T/C,T/C,T/C,T/T,T/T
Ca21chr7_C_albicans_SC5314,109821,SNP,A,G,6,0,6,6,A/A,A/G,A/A,A/G,A/A,A/G,A/G,A/G,A/G,A/A,A/A,A/A
Ca21chrR_C_albicans_SC5314,26275,SNP,C,T,5,1,6,7,C/C,T/T,C/C,C/T,C/C,C/T,C/T,C/T,C/T,C/T,C/C,C/C
Ca21chrR_C_albicans_SC5314,26359,SNP,C,T,9,0,3,3,C/C,C/T,C/C,C/T,C/C,C/C,C/C,C/C,C/T,C/C,C/C,C/C
Ca21chrR_C_albicans_SC5314,26458,SNP,C,T,6,0,6,6,C/C,C/T,C/C,C/T,C/C,C/T,C/T,C/T,C/C,C/T,C/C,C/C
Ca21chrR_C_albicans_SC5314,26464,SNP,A,C,9,0,3,3,A/A,A/C,A/A,A/C,A/A,A/A,A/A,A/A,A/C,A/A,A/A,A/A
Ca21chrR_C_albicans_SC5314,26650,SNP,G,A,9,0,3,3,G/G,G/A,G/G,G/A,G/G,G/G,G/G,G/G,G/A,G/G,G/G,G/G
