SC5314xP60002 Intra-marker distance,,,,,SC5314x529L Intra-marker distance,,,
Chromosome,Chr_Position,,,,Chromosome,Chr_Position,,
Ca21chr1_C_albicans_SC5314,140213,10983,,,Ca21chr1_C_albicans_SC5314,26100,10777,
Ca21chr1_C_albicans_SC5314,151196,22032,,,Ca21chr1_C_albicans_SC5314,36877,36324,
Ca21chr1_C_albicans_SC5314,173228,32074,,,Ca21chr1_C_albicans_SC5314,73201,6246,
Ca21chr1_C_albicans_SC5314,205302,28496,,,Ca21chr1_C_albicans_SC5314,79447,8241,
Ca21chr1_C_albicans_SC5314,233798,43908,,,Ca21chr1_C_albicans_SC5314,87688,10056,
Ca21chr1_C_albicans_SC5314,277706,49793,,,Ca21chr1_C_albicans_SC5314,97744,12612,
Ca21chr1_C_albicans_SC5314,327499,1288,,,Ca21chr1_C_albicans_SC5314,110356,11528,
Ca21chr1_C_albicans_SC5314,328787,12806,,,Ca21chr1_C_albicans_SC5314,121884,93839,
Ca21chr1_C_albicans_SC5314,341593,2177,,,Ca21chr1_C_albicans_SC5314,215723,18075,
Ca21chr1_C_albicans_SC5314,343770,1584,,,Ca21chr1_C_albicans_SC5314,233798,16611,
Ca21chr1_C_albicans_SC5314,345354,10185,,,Ca21chr1_C_albicans_SC5314,250409,91181,
Ca21chr1_C_albicans_SC5314,355539,4882,,,Ca21chr1_C_albicans_SC5314,341590,13949,
Ca21chr1_C_albicans_SC5314,360421,7447,,,Ca21chr1_C_albicans_SC5314,355539,4882,
Ca21chr1_C_albicans_SC5314,367868,33535,,,Ca21chr1_C_albicans_SC5314,360421,50215,
Ca21chr1_C_albicans_SC5314,401403,6158,,,Ca21chr1_C_albicans_SC5314,410636,11038,
Ca21chr1_C_albicans_SC5314,407561,3075,,,Ca21chr1_C_albicans_SC5314,421674,27387,
Ca21chr1_C_albicans_SC5314,410636,3,,,Ca21chr1_C_albicans_SC5314,449061,13615,
Ca21chr1_C_albicans_SC5314,410639,5869,,,Ca21chr1_C_albicans_SC5314,462676,3,
Ca21chr1_C_albicans_SC5314,416508,5166,,,Ca21chr1_C_albicans_SC5314,462679,8821,
Ca21chr1_C_albicans_SC5314,421674,261,,,Ca21chr1_C_albicans_SC5314,471500,55302,
Ca21chr1_C_albicans_SC5314,421935,26319,,,Ca21chr1_C_albicans_SC5314,526802,4196,
Ca21chr1_C_albicans_SC5314,448254,23246,,,Ca21chr1_C_albicans_SC5314,530998,8524,
Ca21chr1_C_albicans_SC5314,471500,44836,,,Ca21chr1_C_albicans_SC5314,539522,3207,
Ca21chr1_C_albicans_SC5314,516336,10466,,,Ca21chr1_C_albicans_SC5314,542729,13041,
Ca21chr1_C_albicans_SC5314,526802,12720,,,Ca21chr1_C_albicans_SC5314,555770,17824,
Ca21chr1_C_albicans_SC5314,539522,54200,,,Ca21chr1_C_albicans_SC5314,573594,78214,
Ca21chr1_C_albicans_SC5314,593722,76211,,,Ca21chr1_C_albicans_SC5314,651808,160721,
Ca21chr1_C_albicans_SC5314,669933,3,,,Ca21chr1_C_albicans_SC5314,812529,30444,
Ca21chr1_C_albicans_SC5314,669936,66878,,,Ca21chr1_C_albicans_SC5314,842973,47078,
Ca21chr1_C_albicans_SC5314,736814,19748,,,Ca21chr1_C_albicans_SC5314,890051,3324,
Ca21chr1_C_albicans_SC5314,756562,12148,,,Ca21chr1_C_albicans_SC5314,893375,22863,
Ca21chr1_C_albicans_SC5314,768710,17114,,,Ca21chr1_C_albicans_SC5314,916238,40891,
Ca21chr1_C_albicans_SC5314,785824,7036,,,Ca21chr1_C_albicans_SC5314,957129,1160,
Ca21chr1_C_albicans_SC5314,792860,19669,,,Ca21chr1_C_albicans_SC5314,958289,17169,
Ca21chr1_C_albicans_SC5314,812529,30444,,,Ca21chr1_C_albicans_SC5314,975458,9343,
Ca21chr1_C_albicans_SC5314,842973,894,,,Ca21chr1_C_albicans_SC5314,984801,8695,
Ca21chr1_C_albicans_SC5314,843867,34921,,,Ca21chr1_C_albicans_SC5314,993496,12910,
Ca21chr1_C_albicans_SC5314,878788,14587,,,Ca21chr1_C_albicans_SC5314,1006406,4263,
Ca21chr1_C_albicans_SC5314,893375,12054,,,Ca21chr1_C_albicans_SC5314,1010669,34102,
Ca21chr1_C_albicans_SC5314,905429,6390,,,Ca21chr1_C_albicans_SC5314,1044771,2431,
Ca21chr1_C_albicans_SC5314,911819,1664,,,Ca21chr1_C_albicans_SC5314,1047202,9054,
Ca21chr1_C_albicans_SC5314,913483,2752,,,Ca21chr1_C_albicans_SC5314,1056256,28844,
Ca21chr1_C_albicans_SC5314,916235,40894,,,Ca21chr1_C_albicans_SC5314,1085100,10857,
Ca21chr1_C_albicans_SC5314,957129,18329,,,Ca21chr1_C_albicans_SC5314,1095957,996,
Ca21chr1_C_albicans_SC5314,975458,9343,,,Ca21chr1_C_albicans_SC5314,1096953,70442,
Ca21chr1_C_albicans_SC5314,984801,2528,,,Ca21chr1_C_albicans_SC5314,1167395,9418,
Ca21chr1_C_albicans_SC5314,987329,19077,,,Ca21chr1_C_albicans_SC5314,1176813,10414,
Ca21chr1_C_albicans_SC5314,1006406,4263,,,Ca21chr1_C_albicans_SC5314,1187227,16585,
Ca21chr1_C_albicans_SC5314,1010669,939,,,Ca21chr1_C_albicans_SC5314,1203812,6341,
Ca21chr1_C_albicans_SC5314,1011608,27931,,,Ca21chr1_C_albicans_SC5314,1210153,1797,
Ca21chr1_C_albicans_SC5314,1039539,4504,,,Ca21chr1_C_albicans_SC5314,1211950,9426,
Ca21chr1_C_albicans_SC5314,1044043,728,,,Ca21chr1_C_albicans_SC5314,1221376,38854,
Ca21chr1_C_albicans_SC5314,1044771,804,,,Ca21chr1_C_albicans_SC5314,1260230,18778,
Ca21chr1_C_albicans_SC5314,1045575,39525,,,Ca21chr1_C_albicans_SC5314,1279008,32640,
Ca21chr1_C_albicans_SC5314,1085100,103375,,,Ca21chr1_C_albicans_SC5314,1311648,1174,
Ca21chr1_C_albicans_SC5314,1188475,23475,,,Ca21chr1_C_albicans_SC5314,1312822,21905,
Ca21chr1_C_albicans_SC5314,1211950,3,,,Ca21chr1_C_albicans_SC5314,1334727,14517,
Ca21chr1_C_albicans_SC5314,1211953,19931,,,Ca21chr1_C_albicans_SC5314,1349244,3,
Ca21chr1_C_albicans_SC5314,1231884,27831,,,Ca21chr1_C_albicans_SC5314,1349247,45899,
Ca21chr1_C_albicans_SC5314,1259715,515,,,Ca21chr1_C_albicans_SC5314,1395146,2494,
Ca21chr1_C_albicans_SC5314,1260230,429,,,Ca21chr1_C_albicans_SC5314,1397640,31073,
Ca21chr1_C_albicans_SC5314,1260659,75648,,,Ca21chr1_C_albicans_SC5314,1428713,6667,
Ca21chr1_C_albicans_SC5314,1336307,9486,,,Ca21chr1_C_albicans_SC5314,1435380,1456,
Ca21chr1_C_albicans_SC5314,1345793,49353,,,Ca21chr1_C_albicans_SC5314,1436836,19660,
Ca21chr1_C_albicans_SC5314,1395146,2494,,,Ca21chr1_C_albicans_SC5314,1456496,48868,
Ca21chr1_C_albicans_SC5314,1397640,2126,,,Ca21chr1_C_albicans_SC5314,1505364,26738,
Ca21chr1_C_albicans_SC5314,1399766,28554,,,Ca21chr1_C_albicans_SC5314,1532102,3,
Ca21chr1_C_albicans_SC5314,1428320,393,,,Ca21chr1_C_albicans_SC5314,1532105,35558,
Ca21chr1_C_albicans_SC5314,1428713,19410,,,Ca21chr1_C_albicans_SC5314,1567663,48174,
Ca21chr1_C_albicans_SC5314,1448123,404,,,Ca21chr1_C_albicans_SC5314,1615837,42603,
Ca21chr1_C_albicans_SC5314,1448527,7969,,,Ca21chr1_C_albicans_SC5314,1658440,3,
Ca21chr1_C_albicans_SC5314,1456496,926,,,Ca21chr1_C_albicans_SC5314,1658443,5023,
Ca21chr1_C_albicans_SC5314,1457422,1734,,,Ca21chr1_C_albicans_SC5314,1663466,2354,
Ca21chr1_C_albicans_SC5314,1459156,22973,,,Ca21chr1_C_albicans_SC5314,1665820,8324,
Ca21chr1_C_albicans_SC5314,1482129,1661,,,Ca21chr1_C_albicans_SC5314,1674144,21525,
Ca21chr1_C_albicans_SC5314,1483790,48312,,,Ca21chr1_C_albicans_SC5314,1695669,9666,
Ca21chr1_C_albicans_SC5314,1532102,3,,,Ca21chr1_C_albicans_SC5314,1705335,115867,
Ca21chr1_C_albicans_SC5314,1532105,4667,,,Ca21chr1_C_albicans_SC5314,1821202,15408,
Ca21chr1_C_albicans_SC5314,1536772,4428,,,Ca21chr1_C_albicans_SC5314,1836610,27622,
Ca21chr1_C_albicans_SC5314,1541200,3917,,,Ca21chr1_C_albicans_SC5314,1864232,46324,
Ca21chr1_C_albicans_SC5314,1545117,739,,,Ca21chr1_C_albicans_SC5314,1910556,1988,
Ca21chr1_C_albicans_SC5314,1545856,8039,,,Ca21chr1_C_albicans_SC5314,1912544,26786,
Ca21chr1_C_albicans_SC5314,1553895,6180,,,Ca21chr1_C_albicans_SC5314,1939330,17697,
Ca21chr1_C_albicans_SC5314,1560075,19802,,,Ca21chr1_C_albicans_SC5314,1957027,13879,
Ca21chr1_C_albicans_SC5314,1579877,27419,,,Ca21chr1_C_albicans_SC5314,1970906,13792,
Ca21chr1_C_albicans_SC5314,1607296,8541,,,Ca21chr1_C_albicans_SC5314,1984698,63673,
Ca21chr1_C_albicans_SC5314,1615837,22479,,,Ca21chr1_C_albicans_SC5314,2048371,14951,
Ca21chr1_C_albicans_SC5314,1638316,7929,,,Ca21chr1_C_albicans_SC5314,2063322,42845,
Ca21chr1_C_albicans_SC5314,1646245,9904,,,Ca21chr1_C_albicans_SC5314,2106167,14678,
Ca21chr1_C_albicans_SC5314,1656149,2291,,,Ca21chr1_C_albicans_SC5314,2120845,8456,
Ca21chr1_C_albicans_SC5314,1658440,3,,,Ca21chr1_C_albicans_SC5314,2129301,11331,
Ca21chr1_C_albicans_SC5314,1658443,5023,,,Ca21chr1_C_albicans_SC5314,2140632,28653,
Ca21chr1_C_albicans_SC5314,1663466,2354,,,Ca21chr1_C_albicans_SC5314,2169285,3802,
Ca21chr1_C_albicans_SC5314,1665820,14112,,,Ca21chr1_C_albicans_SC5314,2173087,33900,
Ca21chr1_C_albicans_SC5314,1679932,73709,,,Ca21chr1_C_albicans_SC5314,2206987,4999,
Ca21chr1_C_albicans_SC5314,1753641,14850,,,Ca21chr1_C_albicans_SC5314,2211986,8651,
Ca21chr1_C_albicans_SC5314,1768491,68119,,,Ca21chr1_C_albicans_SC5314,2220637,9990,
Ca21chr1_C_albicans_SC5314,1836610,1006,,,Ca21chr1_C_albicans_SC5314,2230627,3274,
Ca21chr1_C_albicans_SC5314,1837616,4194,,,Ca21chr1_C_albicans_SC5314,2233901,3541,
Ca21chr1_C_albicans_SC5314,1841810,23761,,,Ca21chr1_C_albicans_SC5314,2237442,16832,
Ca21chr1_C_albicans_SC5314,1865571,21140,,,Ca21chr1_C_albicans_SC5314,2254274,3,
Ca21chr1_C_albicans_SC5314,1886711,21279,,,Ca21chr1_C_albicans_SC5314,2254277,11059,
Ca21chr1_C_albicans_SC5314,1907990,5708,,,Ca21chr1_C_albicans_SC5314,2265336,14269,
Ca21chr1_C_albicans_SC5314,1913698,25632,,,Ca21chr1_C_albicans_SC5314,2279605,29452,
Ca21chr1_C_albicans_SC5314,1939330,10193,,,Ca21chr1_C_albicans_SC5314,2309057,10073,
Ca21chr1_C_albicans_SC5314,1949523,18118,,,Ca21chr1_C_albicans_SC5314,2319130,65637,
Ca21chr1_C_albicans_SC5314,1967641,3265,,,Ca21chr1_C_albicans_SC5314,2384767,17153,
Ca21chr1_C_albicans_SC5314,1970906,2091,,,Ca21chr1_C_albicans_SC5314,2401920,5680,
Ca21chr1_C_albicans_SC5314,1972997,871,,,Ca21chr1_C_albicans_SC5314,2407600,13029,
Ca21chr1_C_albicans_SC5314,1973868,14938,,,Ca21chr1_C_albicans_SC5314,2420629,4066,
Ca21chr1_C_albicans_SC5314,1988806,9154,,,Ca21chr1_C_albicans_SC5314,2424695,96196,
Ca21chr1_C_albicans_SC5314,1997960,54474,,,Ca21chr1_C_albicans_SC5314,2520891,41868,
Ca21chr1_C_albicans_SC5314,2052434,10888,,,Ca21chr1_C_albicans_SC5314,2562759,53476,
Ca21chr1_C_albicans_SC5314,2063322,4556,,,Ca21chr1_C_albicans_SC5314,2616235,1019,
Ca21chr1_C_albicans_SC5314,2067878,38289,,,Ca21chr1_C_albicans_SC5314,2617254,430,
Ca21chr1_C_albicans_SC5314,2106167,3863,,,Ca21chr1_C_albicans_SC5314,2617684,332,
Ca21chr1_C_albicans_SC5314,2110030,4549,,,Ca21chr1_C_albicans_SC5314,2618016,2578,
Ca21chr1_C_albicans_SC5314,2114579,7582,,,Ca21chr1_C_albicans_SC5314,2620594,15947,
Ca21chr1_C_albicans_SC5314,2122161,266,,,Ca21chr1_C_albicans_SC5314,2636541,830,
Ca21chr1_C_albicans_SC5314,2122427,4347,,,Ca21chr1_C_albicans_SC5314,2637371,273,
Ca21chr1_C_albicans_SC5314,2126774,2527,,,Ca21chr1_C_albicans_SC5314,2637644,7386,
Ca21chr1_C_albicans_SC5314,2129301,2955,,,Ca21chr1_C_albicans_SC5314,2645030,15172,
Ca21chr1_C_albicans_SC5314,2132256,8376,,,Ca21chr1_C_albicans_SC5314,2660202,21424,
Ca21chr1_C_albicans_SC5314,2140632,7451,,,Ca21chr1_C_albicans_SC5314,2681626,92539,
Ca21chr1_C_albicans_SC5314,2148083,19386,,,Ca21chr1_C_albicans_SC5314,2774165,2150,
Ca21chr1_C_albicans_SC5314,2167469,5088,,,Ca21chr1_C_albicans_SC5314,2776315,133779,
Ca21chr1_C_albicans_SC5314,2172557,27690,,,Ca21chr1_C_albicans_SC5314,2910094,8303,
Ca21chr1_C_albicans_SC5314,2200247,10080,,,Ca21chr1_C_albicans_SC5314,2918397,18329,
Ca21chr1_C_albicans_SC5314,2210327,128,,,Ca21chr1_C_albicans_SC5314,2936726,11570,
Ca21chr1_C_albicans_SC5314,2210455,4584,,,Ca21chr1_C_albicans_SC5314,2948296,6234,
Ca21chr1_C_albicans_SC5314,2215039,4509,,,Ca21chr1_C_albicans_SC5314,2954530,42600,
Ca21chr1_C_albicans_SC5314,2219548,1086,,,Ca21chr1_C_albicans_SC5314,2997130,1355,
Ca21chr1_C_albicans_SC5314,2220634,8544,,,Ca21chr1_C_albicans_SC5314,2998485,11138,
Ca21chr1_C_albicans_SC5314,2229178,1449,,,Ca21chr1_C_albicans_SC5314,3009623,7892,
Ca21chr1_C_albicans_SC5314,2230627,23647,,,Ca21chr1_C_albicans_SC5314,3017515,7836,
Ca21chr1_C_albicans_SC5314,2254274,3,,,Ca21chr1_C_albicans_SC5314,3025351,14713,
Ca21chr1_C_albicans_SC5314,2254277,10590,,,Ca21chr1_C_albicans_SC5314,3040064,24637,
Ca21chr1_C_albicans_SC5314,2264867,3019,,,Ca21chr1_C_albicans_SC5314,3064701,1613,
Ca21chr1_C_albicans_SC5314,2267886,14919,,,Ca21chr1_C_albicans_SC5314,3066314,7196,
Ca21chr1_C_albicans_SC5314,2282805,26252,,,Ca21chr1_C_albicans_SC5314,3073510,17927,
Ca21chr1_C_albicans_SC5314,2309057,10073,,,Ca21chr1_C_albicans_SC5314,3091437,9031,
Ca21chr1_C_albicans_SC5314,2319130,2258,,,Ca21chr1_C_albicans_SC5314,3100468,53114,
Ca21chr1_C_albicans_SC5314,2321388,35581,,,Ca21chr1_C_albicans_SC5314,3153582,16951,
Ca21chr1_C_albicans_SC5314,2356969,30710,,,Ca21chr1_C_albicans_SC5314,3170533,6871,
Ca21chr1_C_albicans_SC5314,2387679,14241,,,Ca21chr1_C_albicans_SC5314,3177404,,21884.05556
Ca21chr1_C_albicans_SC5314,2401920,1254,,,,,,
Ca21chr1_C_albicans_SC5314,2403174,4426,,,Ca21chr2_C_albicans_SC5314,8421,30176,
Ca21chr1_C_albicans_SC5314,2407600,13029,,,Ca21chr2_C_albicans_SC5314,38597,27357,
Ca21chr1_C_albicans_SC5314,2420629,4066,,,Ca21chr2_C_albicans_SC5314,65954,35648,
Ca21chr1_C_albicans_SC5314,2424695,25416,,,Ca21chr2_C_albicans_SC5314,101602,26526,
Ca21chr1_C_albicans_SC5314,2450111,338,,,Ca21chr2_C_albicans_SC5314,128128,58860,
Ca21chr1_C_albicans_SC5314,2450449,11426,,,Ca21chr2_C_albicans_SC5314,186988,9280,
Ca21chr1_C_albicans_SC5314,2461875,59016,,,Ca21chr2_C_albicans_SC5314,196268,4772,
Ca21chr1_C_albicans_SC5314,2520891,8259,,,Ca21chr2_C_albicans_SC5314,201040,95447,
Ca21chr1_C_albicans_SC5314,2529150,4172,,,Ca21chr2_C_albicans_SC5314,296487,15863,
Ca21chr1_C_albicans_SC5314,2533322,15867,,,Ca21chr2_C_albicans_SC5314,312350,35871,
Ca21chr1_C_albicans_SC5314,2549189,28868,,,Ca21chr2_C_albicans_SC5314,348221,3,
Ca21chr1_C_albicans_SC5314,2578057,11311,,,Ca21chr2_C_albicans_SC5314,348224,17887,
Ca21chr1_C_albicans_SC5314,2589368,20531,,,Ca21chr2_C_albicans_SC5314,366111,3458,
Ca21chr1_C_albicans_SC5314,2609899,34742,,,Ca21chr2_C_albicans_SC5314,369569,35835,
Ca21chr1_C_albicans_SC5314,2644641,22874,,,Ca21chr2_C_albicans_SC5314,405404,53403,
Ca21chr1_C_albicans_SC5314,2667515,14111,,,Ca21chr2_C_albicans_SC5314,458807,146737,
Ca21chr1_C_albicans_SC5314,2681626,30609,,,Ca21chr2_C_albicans_SC5314,605544,106961,
Ca21chr1_C_albicans_SC5314,2712235,60237,,,Ca21chr2_C_albicans_SC5314,712505,99291,
Ca21chr1_C_albicans_SC5314,2772472,1693,,,Ca21chr2_C_albicans_SC5314,811796,60962,
Ca21chr1_C_albicans_SC5314,2774165,2150,,,Ca21chr2_C_albicans_SC5314,872758,10376,
Ca21chr1_C_albicans_SC5314,2776315,5438,,,Ca21chr2_C_albicans_SC5314,883134,3,
Ca21chr1_C_albicans_SC5314,2781753,2972,,,Ca21chr2_C_albicans_SC5314,883137,8749,
Ca21chr1_C_albicans_SC5314,2784725,141,,,Ca21chr2_C_albicans_SC5314,891886,16264,
Ca21chr1_C_albicans_SC5314,2784866,804,,,Ca21chr2_C_albicans_SC5314,908150,14181,
Ca21chr1_C_albicans_SC5314,2785670,44302,,,Ca21chr2_C_albicans_SC5314,922331,23904,
Ca21chr1_C_albicans_SC5314,2829972,37668,,,Ca21chr2_C_albicans_SC5314,946235,41617,
Ca21chr1_C_albicans_SC5314,2867640,34645,,,Ca21chr2_C_albicans_SC5314,987852,27395,
Ca21chr1_C_albicans_SC5314,2902285,7809,,,Ca21chr2_C_albicans_SC5314,1015247,57897,
Ca21chr1_C_albicans_SC5314,2910094,43850,,,Ca21chr2_C_albicans_SC5314,1073144,23736,
Ca21chr1_C_albicans_SC5314,2953944,586,,,Ca21chr2_C_albicans_SC5314,1096880,26487,
Ca21chr1_C_albicans_SC5314,2954530,42600,,,Ca21chr2_C_albicans_SC5314,1123367,145207,
Ca21chr1_C_albicans_SC5314,2997130,1355,,,Ca21chr2_C_albicans_SC5314,1268574,2143,
Ca21chr1_C_albicans_SC5314,2998485,19030,,,Ca21chr2_C_albicans_SC5314,1270717,34371,
Ca21chr1_C_albicans_SC5314,3017515,7836,,,Ca21chr2_C_albicans_SC5314,1305088,11328,
Ca21chr1_C_albicans_SC5314,3025351,3558,,,Ca21chr2_C_albicans_SC5314,1316416,475,
Ca21chr1_C_albicans_SC5314,3028909,318,,,Ca21chr2_C_albicans_SC5314,1316891,13299,
Ca21chr1_C_albicans_SC5314,3029227,2977,,,Ca21chr2_C_albicans_SC5314,1330190,12834,
Ca21chr1_C_albicans_SC5314,3032204,2124,,,Ca21chr2_C_albicans_SC5314,1343024,3978,
Ca21chr1_C_albicans_SC5314,3034328,18716,,,Ca21chr2_C_albicans_SC5314,1347002,21678,
Ca21chr1_C_albicans_SC5314,3053044,3217,,,Ca21chr2_C_albicans_SC5314,1368680,7721,
Ca21chr1_C_albicans_SC5314,3056261,2102,,,Ca21chr2_C_albicans_SC5314,1376401,37877,
Ca21chr1_C_albicans_SC5314,3058363,6338,,,Ca21chr2_C_albicans_SC5314,1414278,54026,
Ca21chr1_C_albicans_SC5314,3064701,1613,,,Ca21chr2_C_albicans_SC5314,1468304,50533,
Ca21chr1_C_albicans_SC5314,3066314,7196,,,Ca21chr2_C_albicans_SC5314,1518837,12134,
Ca21chr1_C_albicans_SC5314,3073510,17927,,,Ca21chr2_C_albicans_SC5314,1530971,5912,
Ca21chr1_C_albicans_SC5314,3091437,5174,,,Ca21chr2_C_albicans_SC5314,1536883,23868,
Ca21chr1_C_albicans_SC5314,3096611,3857,,,Ca21chr2_C_albicans_SC5314,1560751,23085,
Ca21chr1_C_albicans_SC5314,3100468,4050,,,Ca21chr2_C_albicans_SC5314,1583836,12432,
Ca21chr1_C_albicans_SC5314,3104518,34440,,,Ca21chr2_C_albicans_SC5314,1596268,83510,
Ca21chr1_C_albicans_SC5314,3138958,20671,,,Ca21chr2_C_albicans_SC5314,1679778,13875,
Ca21chr1_C_albicans_SC5314,3159629,17775,,,Ca21chr2_C_albicans_SC5314,1693653,17252,
Ca21chr1_C_albicans_SC5314,3177404,,15417.2132,,Ca21chr2_C_albicans_SC5314,1710905,3826,
,,,,,Ca21chr2_C_albicans_SC5314,1714731,739,
Ca21chr2_C_albicans_SC5314,8421,30176,,,Ca21chr2_C_albicans_SC5314,1715470,2145,
Ca21chr2_C_albicans_SC5314,38597,27357,,,Ca21chr2_C_albicans_SC5314,1717615,7705,
Ca21chr2_C_albicans_SC5314,65954,62174,,,Ca21chr2_C_albicans_SC5314,1725320,20404,
Ca21chr2_C_albicans_SC5314,128128,112318,,,Ca21chr2_C_albicans_SC5314,1745724,12183,
Ca21chr2_C_albicans_SC5314,240446,20909,,,Ca21chr2_C_albicans_SC5314,1757907,38012,
Ca21chr2_C_albicans_SC5314,261355,35129,,,Ca21chr2_C_albicans_SC5314,1795919,708,
Ca21chr2_C_albicans_SC5314,296484,3,,,Ca21chr2_C_albicans_SC5314,1796627,7022,
Ca21chr2_C_albicans_SC5314,296487,73082,,,Ca21chr2_C_albicans_SC5314,1803649,36071,
Ca21chr2_C_albicans_SC5314,369569,84934,,,Ca21chr2_C_albicans_SC5314,1839720,11256,
Ca21chr2_C_albicans_SC5314,454503,1534,,,Ca21chr2_C_albicans_SC5314,1850976,38422,
Ca21chr2_C_albicans_SC5314,456037,92865,,,Ca21chr2_C_albicans_SC5314,1889398,9441,
Ca21chr2_C_albicans_SC5314,548902,71096,,,Ca21chr2_C_albicans_SC5314,1898839,947,
Ca21chr2_C_albicans_SC5314,619998,92507,,,Ca21chr2_C_albicans_SC5314,1899786,6955,
Ca21chr2_C_albicans_SC5314,712505,26306,,,Ca21chr2_C_albicans_SC5314,1906741,50062,
Ca21chr2_C_albicans_SC5314,738811,32665,,,Ca21chr2_C_albicans_SC5314,1956803,6556,
Ca21chr2_C_albicans_SC5314,771476,35443,,,Ca21chr2_C_albicans_SC5314,1963359,6059,
Ca21chr2_C_albicans_SC5314,806919,77437,,,Ca21chr2_C_albicans_SC5314,1969418,1201,
Ca21chr2_C_albicans_SC5314,884356,66,,,Ca21chr2_C_albicans_SC5314,1970619,18530,
Ca21chr2_C_albicans_SC5314,884422,12830,,,Ca21chr2_C_albicans_SC5314,1989149,5813,
Ca21chr2_C_albicans_SC5314,897252,9489,,,Ca21chr2_C_albicans_SC5314,1994962,17544,
Ca21chr2_C_albicans_SC5314,906741,1409,,,Ca21chr2_C_albicans_SC5314,2012506,4699,
Ca21chr2_C_albicans_SC5314,908150,14181,,,Ca21chr2_C_albicans_SC5314,2017205,11585,
Ca21chr2_C_albicans_SC5314,922331,7961,,,Ca21chr2_C_albicans_SC5314,2028790,14131,
Ca21chr2_C_albicans_SC5314,930292,4092,,,Ca21chr2_C_albicans_SC5314,2042921,23306,
Ca21chr2_C_albicans_SC5314,934384,10897,,,Ca21chr2_C_albicans_SC5314,2066227,10581,
Ca21chr2_C_albicans_SC5314,945281,112414,,,Ca21chr2_C_albicans_SC5314,2076808,11581,
Ca21chr2_C_albicans_SC5314,1057695,27649,,,Ca21chr2_C_albicans_SC5314,2088389,7401,
Ca21chr2_C_albicans_SC5314,1085344,145468,,,Ca21chr2_C_albicans_SC5314,2095790,880,
Ca21chr2_C_albicans_SC5314,1230812,1281,,,Ca21chr2_C_albicans_SC5314,2096670,14146,
Ca21chr2_C_albicans_SC5314,1232093,23023,,,Ca21chr2_C_albicans_SC5314,2110816,16257,
Ca21chr2_C_albicans_SC5314,1255116,17056,,,Ca21chr2_C_albicans_SC5314,2127073,2990,
Ca21chr2_C_albicans_SC5314,1272172,44244,,,Ca21chr2_C_albicans_SC5314,2130063,10410,
Ca21chr2_C_albicans_SC5314,1316416,19855,,,Ca21chr2_C_albicans_SC5314,2140473,29875,
Ca21chr2_C_albicans_SC5314,1336271,10731,,,Ca21chr2_C_albicans_SC5314,2170348,24761,
Ca21chr2_C_albicans_SC5314,1347002,21502,,,Ca21chr2_C_albicans_SC5314,2195109,1507,
Ca21chr2_C_albicans_SC5314,1368504,2475,,,Ca21chr2_C_albicans_SC5314,2196616,8055,
Ca21chr2_C_albicans_SC5314,1370979,3081,,,Ca21chr2_C_albicans_SC5314,2204671,11014,
Ca21chr2_C_albicans_SC5314,1374060,11404,,,Ca21chr2_C_albicans_SC5314,2215685,7881,
Ca21chr2_C_albicans_SC5314,1385464,3726,,,Ca21chr2_C_albicans_SC5314,2223566,2311,
Ca21chr2_C_albicans_SC5314,1389190,391,,,Ca21chr2_C_albicans_SC5314,2225877,3,
Ca21chr2_C_albicans_SC5314,1389581,566,,,Ca21chr2_C_albicans_SC5314,2225880,3154,
Ca21chr2_C_albicans_SC5314,1390147,24131,,,Ca21chr2_C_albicans_SC5314,2229034,,23623.54255
Ca21chr2_C_albicans_SC5314,1414278,64931,,,,,,
Ca21chr2_C_albicans_SC5314,1479209,81542,,,Ca21chr3_C_albicans_SC5314,57276,5553,
Ca21chr2_C_albicans_SC5314,1560751,119364,,,Ca21chr3_C_albicans_SC5314,62829,33328,
Ca21chr2_C_albicans_SC5314,1680115,103640,,,Ca21chr3_C_albicans_SC5314,96157,123,
Ca21chr2_C_albicans_SC5314,1783755,12164,,,Ca21chr3_C_albicans_SC5314,96280,33131,
Ca21chr2_C_albicans_SC5314,1795919,75691,,,Ca21chr3_C_albicans_SC5314,129411,14060,
Ca21chr2_C_albicans_SC5314,1871610,11718,,,Ca21chr3_C_albicans_SC5314,143471,44488,
Ca21chr2_C_albicans_SC5314,1883328,6070,,,Ca21chr3_C_albicans_SC5314,187959,57071,
Ca21chr2_C_albicans_SC5314,1889398,10388,,,Ca21chr3_C_albicans_SC5314,245030,3083,
Ca21chr2_C_albicans_SC5314,1899786,112720,,,Ca21chr3_C_albicans_SC5314,248113,9675,
Ca21chr2_C_albicans_SC5314,2012506,4699,,,Ca21chr3_C_albicans_SC5314,257788,24829,
Ca21chr2_C_albicans_SC5314,2017205,4877,,,Ca21chr3_C_albicans_SC5314,282617,7087,
Ca21chr2_C_albicans_SC5314,2022082,6311,,,Ca21chr3_C_albicans_SC5314,289704,1329,
Ca21chr2_C_albicans_SC5314,2028393,397,,,Ca21chr3_C_albicans_SC5314,291033,12937,
Ca21chr2_C_albicans_SC5314,2028790,48018,,,Ca21chr3_C_albicans_SC5314,303970,2306,
Ca21chr2_C_albicans_SC5314,2076808,18982,,,Ca21chr3_C_albicans_SC5314,306276,33841,
Ca21chr2_C_albicans_SC5314,2095790,15026,,,Ca21chr3_C_albicans_SC5314,340117,19344,
Ca21chr2_C_albicans_SC5314,2110816,3295,,,Ca21chr3_C_albicans_SC5314,359461,32711,
Ca21chr2_C_albicans_SC5314,2114111,56237,,,Ca21chr3_C_albicans_SC5314,392172,92653,
Ca21chr2_C_albicans_SC5314,2170348,6888,,,Ca21chr3_C_albicans_SC5314,484825,3290,
Ca21chr2_C_albicans_SC5314,2177236,15598,,,Ca21chr3_C_albicans_SC5314,488115,5554,
Ca21chr2_C_albicans_SC5314,2192834,476,,,Ca21chr3_C_albicans_SC5314,493669,7861,
Ca21chr2_C_albicans_SC5314,2193310,1799,,,Ca21chr3_C_albicans_SC5314,501530,10240,
Ca21chr2_C_albicans_SC5314,2195109,1507,,,Ca21chr3_C_albicans_SC5314,511770,58512,
Ca21chr2_C_albicans_SC5314,2196616,14889,,,Ca21chr3_C_albicans_SC5314,570282,10819,
Ca21chr2_C_albicans_SC5314,2211505,12061,,,Ca21chr3_C_albicans_SC5314,581101,4242,
Ca21chr2_C_albicans_SC5314,2223566,2314,,,Ca21chr3_C_albicans_SC5314,585343,5452,
Ca21chr2_C_albicans_SC5314,2225880,,32137.08696,,Ca21chr3_C_albicans_SC5314,590795,30787,
,,,,,Ca21chr3_C_albicans_SC5314,621582,26373,
Ca21chr3_C_albicans_SC5314,12891,20319,,,Ca21chr3_C_albicans_SC5314,647955,6778,
Ca21chr3_C_albicans_SC5314,33210,16014,,,Ca21chr3_C_albicans_SC5314,654733,24558,
Ca21chr3_C_albicans_SC5314,49224,725,,,Ca21chr3_C_albicans_SC5314,679291,35783,
Ca21chr3_C_albicans_SC5314,49949,12880,,,Ca21chr3_C_albicans_SC5314,715074,27527,
Ca21chr3_C_albicans_SC5314,62829,210,,,Ca21chr3_C_albicans_SC5314,742601,3,
Ca21chr3_C_albicans_SC5314,63039,1189,,,Ca21chr3_C_albicans_SC5314,742604,56039,
Ca21chr3_C_albicans_SC5314,64228,1272,,,Ca21chr3_C_albicans_SC5314,798643,25090,
Ca21chr3_C_albicans_SC5314,65500,3,,,Ca21chr3_C_albicans_SC5314,823733,64665,
Ca21chr3_C_albicans_SC5314,65503,62325,,,Ca21chr3_C_albicans_SC5314,888398,3758,
Ca21chr3_C_albicans_SC5314,127828,176,,,Ca21chr3_C_albicans_SC5314,892156,45410,
Ca21chr3_C_albicans_SC5314,128004,33191,,,Ca21chr3_C_albicans_SC5314,937566,9012,
Ca21chr3_C_albicans_SC5314,161195,3,,,Ca21chr3_C_albicans_SC5314,946578,3,
Ca21chr3_C_albicans_SC5314,161198,48197,,,Ca21chr3_C_albicans_SC5314,946581,3814,
Ca21chr3_C_albicans_SC5314,209395,28529,,,Ca21chr3_C_albicans_SC5314,950395,8549,
Ca21chr3_C_albicans_SC5314,237924,19864,,,Ca21chr3_C_albicans_SC5314,958944,13429,
Ca21chr3_C_albicans_SC5314,257788,31916,,,Ca21chr3_C_albicans_SC5314,972373,11708,
Ca21chr3_C_albicans_SC5314,289704,33016,,,Ca21chr3_C_albicans_SC5314,984081,1250,
Ca21chr3_C_albicans_SC5314,322720,63348,,,Ca21chr3_C_albicans_SC5314,985331,22592,
Ca21chr3_C_albicans_SC5314,386068,6104,,,Ca21chr3_C_albicans_SC5314,1007923,16475,
Ca21chr3_C_albicans_SC5314,392172,3662,,,Ca21chr3_C_albicans_SC5314,1024398,1779,
Ca21chr3_C_albicans_SC5314,395834,35495,,,Ca21chr3_C_albicans_SC5314,1026177,17474,
Ca21chr3_C_albicans_SC5314,431329,4516,,,Ca21chr3_C_albicans_SC5314,1043651,23905,
Ca21chr3_C_albicans_SC5314,435845,1256,,,Ca21chr3_C_albicans_SC5314,1067556,34669,
Ca21chr3_C_albicans_SC5314,437101,3430,,,Ca21chr3_C_albicans_SC5314,1102225,17098,
Ca21chr3_C_albicans_SC5314,440531,31474,,,Ca21chr3_C_albicans_SC5314,1119323,17240,
Ca21chr3_C_albicans_SC5314,472005,3139,,,Ca21chr3_C_albicans_SC5314,1136563,11311,
Ca21chr3_C_albicans_SC5314,475144,12971,,,Ca21chr3_C_albicans_SC5314,1147874,51774,
Ca21chr3_C_albicans_SC5314,488115,13979,,,Ca21chr3_C_albicans_SC5314,1199648,39732,
Ca21chr3_C_albicans_SC5314,502094,27737,,,Ca21chr3_C_albicans_SC5314,1239380,3,
Ca21chr3_C_albicans_SC5314,529831,1347,,,Ca21chr3_C_albicans_SC5314,1239383,11964,
Ca21chr3_C_albicans_SC5314,531178,4026,,,Ca21chr3_C_albicans_SC5314,1251347,9367,
Ca21chr3_C_albicans_SC5314,535204,23771,,,Ca21chr3_C_albicans_SC5314,1260714,18252,
Ca21chr3_C_albicans_SC5314,558975,22126,,,Ca21chr3_C_albicans_SC5314,1278966,34821,
Ca21chr3_C_albicans_SC5314,581101,1163,,,Ca21chr3_C_albicans_SC5314,1313787,13751,
Ca21chr3_C_albicans_SC5314,582264,5381,,,Ca21chr3_C_albicans_SC5314,1327538,116808,
Ca21chr3_C_albicans_SC5314,587645,895,,,Ca21chr3_C_albicans_SC5314,1444346,16477,
Ca21chr3_C_albicans_SC5314,588540,4732,,,Ca21chr3_C_albicans_SC5314,1460823,9656,
Ca21chr3_C_albicans_SC5314,593272,6613,,,Ca21chr3_C_albicans_SC5314,1470479,18526,
Ca21chr3_C_albicans_SC5314,599885,26864,,,Ca21chr3_C_albicans_SC5314,1489005,862,
Ca21chr3_C_albicans_SC5314,626749,27984,,,Ca21chr3_C_albicans_SC5314,1489867,16667,
Ca21chr3_C_albicans_SC5314,654733,87868,,,Ca21chr3_C_albicans_SC5314,1506534,2726,
Ca21chr3_C_albicans_SC5314,742601,3,,,Ca21chr3_C_albicans_SC5314,1509260,10021,
Ca21chr3_C_albicans_SC5314,742604,90455,,,Ca21chr3_C_albicans_SC5314,1519281,7734,
Ca21chr3_C_albicans_SC5314,833059,52505,,,Ca21chr3_C_albicans_SC5314,1527015,3611,
Ca21chr3_C_albicans_SC5314,885564,18429,,,Ca21chr3_C_albicans_SC5314,1530626,5530,
Ca21chr3_C_albicans_SC5314,903993,16358,,,Ca21chr3_C_albicans_SC5314,1536156,15746,
Ca21chr3_C_albicans_SC5314,920351,10071,,,Ca21chr3_C_albicans_SC5314,1551902,9183,
Ca21chr3_C_albicans_SC5314,930422,341,,,Ca21chr3_C_albicans_SC5314,1561085,3180,
Ca21chr3_C_albicans_SC5314,930763,49930,,,Ca21chr3_C_albicans_SC5314,1564265,9863,
Ca21chr3_C_albicans_SC5314,980693,3388,,,Ca21chr3_C_albicans_SC5314,1574128,4440,
Ca21chr3_C_albicans_SC5314,984081,1253,,,Ca21chr3_C_albicans_SC5314,1578568,5019,
Ca21chr3_C_albicans_SC5314,985334,2022,,,Ca21chr3_C_albicans_SC5314,1583587,26419,
Ca21chr3_C_albicans_SC5314,987356,38821,,,Ca21chr3_C_albicans_SC5314,1610006,1364,
Ca21chr3_C_albicans_SC5314,1026177,3555,,,Ca21chr3_C_albicans_SC5314,1611370,3,
Ca21chr3_C_albicans_SC5314,1029732,19824,,,Ca21chr3_C_albicans_SC5314,1611373,15933,
Ca21chr3_C_albicans_SC5314,1049556,2436,,,Ca21chr3_C_albicans_SC5314,1627306,4146,
Ca21chr3_C_albicans_SC5314,1051992,15564,,,Ca21chr3_C_albicans_SC5314,1631452,3532,
Ca21chr3_C_albicans_SC5314,1067556,17082,,,Ca21chr3_C_albicans_SC5314,1634984,47319,
Ca21chr3_C_albicans_SC5314,1084638,16511,,,Ca21chr3_C_albicans_SC5314,1682303,4470,
Ca21chr3_C_albicans_SC5314,1101149,1076,,,Ca21chr3_C_albicans_SC5314,1686773,23531,
Ca21chr3_C_albicans_SC5314,1102225,336,,,Ca21chr3_C_albicans_SC5314,1710304,1633,
Ca21chr3_C_albicans_SC5314,1102561,16762,,,Ca21chr3_C_albicans_SC5314,1711937,5905,
Ca21chr3_C_albicans_SC5314,1119323,22539,,,Ca21chr3_C_albicans_SC5314,1717842,1238,
Ca21chr3_C_albicans_SC5314,1141862,30248,,,Ca21chr3_C_albicans_SC5314,1719080,17247,
Ca21chr3_C_albicans_SC5314,1172110,8574,,,Ca21chr3_C_albicans_SC5314,1736327,9162,
Ca21chr3_C_albicans_SC5314,1180684,8753,,,Ca21chr3_C_albicans_SC5314,1745489,38869,
Ca21chr3_C_albicans_SC5314,1189437,12799,,,Ca21chr3_C_albicans_SC5314,1784358,743,
Ca21chr3_C_albicans_SC5314,1202236,26351,,,Ca21chr3_C_albicans_SC5314,1785101,,18187.63158
Ca21chr3_C_albicans_SC5314,1228587,10793,,,,,,
Ca21chr3_C_albicans_SC5314,1239380,3,,,Ca21chr4_C_albicans_SC5314,30789,5035,
Ca21chr3_C_albicans_SC5314,1239383,11964,,,Ca21chr4_C_albicans_SC5314,35824,2835,
Ca21chr3_C_albicans_SC5314,1251347,9367,,,Ca21chr4_C_albicans_SC5314,38659,25233,
Ca21chr3_C_albicans_SC5314,1260714,1346,,,Ca21chr4_C_albicans_SC5314,63892,14091,
Ca21chr3_C_albicans_SC5314,1262060,16906,,,Ca21chr4_C_albicans_SC5314,77983,1189,
Ca21chr3_C_albicans_SC5314,1278966,19401,,,Ca21chr4_C_albicans_SC5314,79172,29747,
Ca21chr3_C_albicans_SC5314,1298367,15420,,,Ca21chr4_C_albicans_SC5314,108919,9108,
Ca21chr3_C_albicans_SC5314,1313787,6212,,,Ca21chr4_C_albicans_SC5314,118027,15594,
Ca21chr3_C_albicans_SC5314,1319999,108382,,,Ca21chr4_C_albicans_SC5314,133621,6968,
Ca21chr3_C_albicans_SC5314,1428381,32442,,,Ca21chr4_C_albicans_SC5314,140589,27287,
Ca21chr3_C_albicans_SC5314,1460823,10144,,,Ca21chr4_C_albicans_SC5314,167876,29280,
Ca21chr3_C_albicans_SC5314,1470967,38293,,,Ca21chr4_C_albicans_SC5314,197156,3,
Ca21chr3_C_albicans_SC5314,1509260,51258,,,Ca21chr4_C_albicans_SC5314,197159,4945,
Ca21chr3_C_albicans_SC5314,1560518,23069,,,Ca21chr4_C_albicans_SC5314,202104,18298,
Ca21chr3_C_albicans_SC5314,1583587,14114,,,Ca21chr4_C_albicans_SC5314,220402,3128,
Ca21chr3_C_albicans_SC5314,1597701,3,,,Ca21chr4_C_albicans_SC5314,223530,7654,
Ca21chr3_C_albicans_SC5314,1597704,4714,,,Ca21chr4_C_albicans_SC5314,231184,23088,
Ca21chr3_C_albicans_SC5314,1602418,6568,,,Ca21chr4_C_albicans_SC5314,254272,6673,
Ca21chr3_C_albicans_SC5314,1608986,1020,,,Ca21chr4_C_albicans_SC5314,260945,14307,
Ca21chr3_C_albicans_SC5314,1610006,1367,,,Ca21chr4_C_albicans_SC5314,275252,27957,
Ca21chr3_C_albicans_SC5314,1611373,20079,,,Ca21chr4_C_albicans_SC5314,303209,18924,
Ca21chr3_C_albicans_SC5314,1631452,3532,,,Ca21chr4_C_albicans_SC5314,322133,8252,
Ca21chr3_C_albicans_SC5314,1634984,1111,,,Ca21chr4_C_albicans_SC5314,330385,3799,
Ca21chr3_C_albicans_SC5314,1636095,1945,,,Ca21chr4_C_albicans_SC5314,334184,25395,
Ca21chr3_C_albicans_SC5314,1638040,5979,,,Ca21chr4_C_albicans_SC5314,359579,1158,
Ca21chr3_C_albicans_SC5314,1644019,35360,,,Ca21chr4_C_albicans_SC5314,360737,1997,
Ca21chr3_C_albicans_SC5314,1679379,7394,,,Ca21chr4_C_albicans_SC5314,362734,808,
Ca21chr3_C_albicans_SC5314,1686773,8203,,,Ca21chr4_C_albicans_SC5314,363542,2370,
Ca21chr3_C_albicans_SC5314,1694976,6735,,,Ca21chr4_C_albicans_SC5314,365912,9146,
Ca21chr3_C_albicans_SC5314,1701711,17369,,,Ca21chr4_C_albicans_SC5314,375058,30989,
Ca21chr3_C_albicans_SC5314,1719080,6961,,,Ca21chr4_C_albicans_SC5314,406047,41678,
Ca21chr3_C_albicans_SC5314,1726041,10286,,,Ca21chr4_C_albicans_SC5314,447725,16251,
Ca21chr3_C_albicans_SC5314,1736327,48031,,,Ca21chr4_C_albicans_SC5314,463976,2546,
Ca21chr3_C_albicans_SC5314,1784358,1305,,,Ca21chr4_C_albicans_SC5314,466522,17857,
Ca21chr3_C_albicans_SC5314,1785663,,17211.37864,,Ca21chr4_C_albicans_SC5314,484379,36636,
,,,,,Ca21chr4_C_albicans_SC5314,521015,7963,
Ca21chr4_C_albicans_SC5314,175939,44463,,,Ca21chr4_C_albicans_SC5314,528978,72392,
Ca21chr4_C_albicans_SC5314,220402,3128,,,Ca21chr4_C_albicans_SC5314,601370,25620,
Ca21chr4_C_albicans_SC5314,223530,393,,,Ca21chr4_C_albicans_SC5314,626990,46813,
Ca21chr4_C_albicans_SC5314,223923,106462,,,Ca21chr4_C_albicans_SC5314,673803,43761,
Ca21chr4_C_albicans_SC5314,330385,3799,,,Ca21chr4_C_albicans_SC5314,717564,18513,
Ca21chr4_C_albicans_SC5314,334184,17095,,,Ca21chr4_C_albicans_SC5314,736077,32423,
Ca21chr4_C_albicans_SC5314,351279,1767,,,Ca21chr4_C_albicans_SC5314,768500,10744,
Ca21chr4_C_albicans_SC5314,353046,9688,,,Ca21chr4_C_albicans_SC5314,779244,669,
Ca21chr4_C_albicans_SC5314,362734,808,,,Ca21chr4_C_albicans_SC5314,779913,19789,
Ca21chr4_C_albicans_SC5314,363542,8594,,,Ca21chr4_C_albicans_SC5314,799702,16072,
Ca21chr4_C_albicans_SC5314,372136,11724,,,Ca21chr4_C_albicans_SC5314,815774,5584,
Ca21chr4_C_albicans_SC5314,383860,5817,,,Ca21chr4_C_albicans_SC5314,821358,36277,
Ca21chr4_C_albicans_SC5314,389677,16370,,,Ca21chr4_C_albicans_SC5314,857635,2538,
Ca21chr4_C_albicans_SC5314,406047,10598,,,Ca21chr4_C_albicans_SC5314,860173,1074,
Ca21chr4_C_albicans_SC5314,416645,67734,,,Ca21chr4_C_albicans_SC5314,861247,55526,
Ca21chr4_C_albicans_SC5314,484379,2464,,,Ca21chr4_C_albicans_SC5314,916773,3,
Ca21chr4_C_albicans_SC5314,486843,3,,,Ca21chr4_C_albicans_SC5314,916776,32955,
Ca21chr4_C_albicans_SC5314,486846,37695,,,Ca21chr4_C_albicans_SC5314,949731,12578,
Ca21chr4_C_albicans_SC5314,524541,4437,,,Ca21chr4_C_albicans_SC5314,962309,1081,
Ca21chr4_C_albicans_SC5314,528978,21723,,,Ca21chr4_C_albicans_SC5314,963390,14718,
Ca21chr4_C_albicans_SC5314,550701,255,,,Ca21chr4_C_albicans_SC5314,978108,27116,
Ca21chr4_C_albicans_SC5314,550956,12845,,,Ca21chr4_C_albicans_SC5314,1005224,16393,
Ca21chr4_C_albicans_SC5314,563801,8730,,,Ca21chr4_C_albicans_SC5314,1021617,11030,
Ca21chr4_C_albicans_SC5314,572531,28839,,,Ca21chr4_C_albicans_SC5314,1032647,29117,
Ca21chr4_C_albicans_SC5314,601370,7839,,,Ca21chr4_C_albicans_SC5314,1061764,625,
Ca21chr4_C_albicans_SC5314,609209,17781,,,Ca21chr4_C_albicans_SC5314,1062389,51302,
Ca21chr4_C_albicans_SC5314,626990,44738,,,Ca21chr4_C_albicans_SC5314,1113691,47061,
Ca21chr4_C_albicans_SC5314,671728,11022,,,Ca21chr4_C_albicans_SC5314,1160752,1241,
Ca21chr4_C_albicans_SC5314,682750,18588,,,Ca21chr4_C_albicans_SC5314,1161993,32172,
Ca21chr4_C_albicans_SC5314,701338,40109,,,Ca21chr4_C_albicans_SC5314,1194165,53078,
Ca21chr4_C_albicans_SC5314,741447,27053,,,Ca21chr4_C_albicans_SC5314,1247243,28888,
Ca21chr4_C_albicans_SC5314,768500,15764,,,Ca21chr4_C_albicans_SC5314,1276131,12230,
Ca21chr4_C_albicans_SC5314,784264,2716,,,Ca21chr4_C_albicans_SC5314,1288361,2039,
Ca21chr4_C_albicans_SC5314,786980,59479,,,Ca21chr4_C_albicans_SC5314,1290400,116718,
Ca21chr4_C_albicans_SC5314,846459,11176,,,Ca21chr4_C_albicans_SC5314,1407118,34828,
Ca21chr4_C_albicans_SC5314,857635,2538,,,Ca21chr4_C_albicans_SC5314,1441946,24477,
Ca21chr4_C_albicans_SC5314,860173,1074,,,Ca21chr4_C_albicans_SC5314,1466423,23980,
Ca21chr4_C_albicans_SC5314,861247,4852,,,Ca21chr4_C_albicans_SC5314,1490403,14649,
Ca21chr4_C_albicans_SC5314,866099,14404,,,Ca21chr4_C_albicans_SC5314,1505052,63547,
Ca21chr4_C_albicans_SC5314,880503,19025,,,Ca21chr4_C_albicans_SC5314,1568599,19419,
Ca21chr4_C_albicans_SC5314,899528,3271,,,Ca21chr4_C_albicans_SC5314,1588018,,20489.85526
Ca21chr4_C_albicans_SC5314,902799,43646,,,,,,
Ca21chr4_C_albicans_SC5314,946445,3286,,,Ca21chr5_C_albicans_SC5314,6413,9788,
Ca21chr4_C_albicans_SC5314,949731,2505,,,Ca21chr5_C_albicans_SC5314,16201,13418,
Ca21chr4_C_albicans_SC5314,952236,649,,,Ca21chr5_C_albicans_SC5314,29619,15964,
Ca21chr4_C_albicans_SC5314,952885,9424,,,Ca21chr5_C_albicans_SC5314,45583,20919,
Ca21chr4_C_albicans_SC5314,962309,1081,,,Ca21chr5_C_albicans_SC5314,66502,3038,
Ca21chr4_C_albicans_SC5314,963390,14718,,,Ca21chr5_C_albicans_SC5314,69540,3801,
Ca21chr4_C_albicans_SC5314,978108,10223,,,Ca21chr5_C_albicans_SC5314,73341,8497,
Ca21chr4_C_albicans_SC5314,988331,6320,,,Ca21chr5_C_albicans_SC5314,81838,10445,
Ca21chr4_C_albicans_SC5314,994651,10573,,,Ca21chr5_C_albicans_SC5314,92283,13921,
Ca21chr4_C_albicans_SC5314,1005224,56540,,,Ca21chr5_C_albicans_SC5314,106204,35796,
Ca21chr4_C_albicans_SC5314,1061764,28133,,,Ca21chr5_C_albicans_SC5314,142000,2146,
Ca21chr4_C_albicans_SC5314,1089897,21465,,,Ca21chr5_C_albicans_SC5314,144146,9424,
Ca21chr4_C_albicans_SC5314,1111362,48155,,,Ca21chr5_C_albicans_SC5314,153570,9057,
Ca21chr4_C_albicans_SC5314,1159517,2476,,,Ca21chr5_C_albicans_SC5314,162627,20899,
Ca21chr4_C_albicans_SC5314,1161993,2055,,,Ca21chr5_C_albicans_SC5314,183526,1751,
Ca21chr4_C_albicans_SC5314,1164048,18629,,,Ca21chr5_C_albicans_SC5314,185277,4112,
Ca21chr4_C_albicans_SC5314,1182677,11488,,,Ca21chr5_C_albicans_SC5314,189389,64794,
Ca21chr4_C_albicans_SC5314,1194165,81966,,,Ca21chr5_C_albicans_SC5314,254183,4664,
Ca21chr4_C_albicans_SC5314,1276131,13045,,,Ca21chr5_C_albicans_SC5314,258847,726,
Ca21chr4_C_albicans_SC5314,1289176,1224,,,Ca21chr5_C_albicans_SC5314,259573,10209,
Ca21chr4_C_albicans_SC5314,1290400,21973,,,Ca21chr5_C_albicans_SC5314,269782,1571,
Ca21chr4_C_albicans_SC5314,1312373,34011,,,Ca21chr5_C_albicans_SC5314,271353,389,
Ca21chr4_C_albicans_SC5314,1346384,5145,,,Ca21chr5_C_albicans_SC5314,271742,27944,
Ca21chr4_C_albicans_SC5314,1351529,21643,,,Ca21chr5_C_albicans_SC5314,299686,27101,
Ca21chr4_C_albicans_SC5314,1373172,722,,,Ca21chr5_C_albicans_SC5314,326787,1080,
Ca21chr4_C_albicans_SC5314,1373894,16038,,,Ca21chr5_C_albicans_SC5314,327867,3,
Ca21chr4_C_albicans_SC5314,1389932,17186,,,Ca21chr5_C_albicans_SC5314,327870,9181,
Ca21chr4_C_albicans_SC5314,1407118,14614,,,Ca21chr5_C_albicans_SC5314,337051,58928,
Ca21chr4_C_albicans_SC5314,1421732,34984,,,Ca21chr5_C_albicans_SC5314,395979,4328,
Ca21chr4_C_albicans_SC5314,1456716,18522,,,Ca21chr5_C_albicans_SC5314,400307,106335,
Ca21chr4_C_albicans_SC5314,1475238,52541,,,Ca21chr5_C_albicans_SC5314,506642,22668,
Ca21chr4_C_albicans_SC5314,1527779,32407,,,Ca21chr5_C_albicans_SC5314,529310,7226,
Ca21chr4_C_albicans_SC5314,1560186,8413,,,Ca21chr5_C_albicans_SC5314,536536,708,
Ca21chr4_C_albicans_SC5314,1568599,14104,,,Ca21chr5_C_albicans_SC5314,537244,898,
Ca21chr4_C_albicans_SC5314,1582703,1147,,,Ca21chr5_C_albicans_SC5314,538142,21791,
Ca21chr4_C_albicans_SC5314,1583850,4168,,,Ca21chr5_C_albicans_SC5314,559933,2097,
Ca21chr4_C_albicans_SC5314,1588018,3289,,,Ca21chr5_C_albicans_SC5314,562030,4658,
Ca21chr4_C_albicans_SC5314,1591307,,17916.05063,,Ca21chr5_C_albicans_SC5314,566688,23294,
,,,,,Ca21chr5_C_albicans_SC5314,589982,370,
Ca21chr5_C_albicans_SC5314,6413,1164,,,Ca21chr5_C_albicans_SC5314,590352,42705,
Ca21chr5_C_albicans_SC5314,7577,5457,,,Ca21chr5_C_albicans_SC5314,633057,635,
Ca21chr5_C_albicans_SC5314,13034,16585,,,Ca21chr5_C_albicans_SC5314,633692,71750,
Ca21chr5_C_albicans_SC5314,29619,15964,,,Ca21chr5_C_albicans_SC5314,705442,1167,
Ca21chr5_C_albicans_SC5314,45583,20919,,,Ca21chr5_C_albicans_SC5314,706609,8436,
Ca21chr5_C_albicans_SC5314,66502,3,,,Ca21chr5_C_albicans_SC5314,715045,3,
Ca21chr5_C_albicans_SC5314,66505,1305,,,Ca21chr5_C_albicans_SC5314,715048,21573,
Ca21chr5_C_albicans_SC5314,67810,1727,,,Ca21chr5_C_albicans_SC5314,736621,5791,
Ca21chr5_C_albicans_SC5314,69537,3,,,Ca21chr5_C_albicans_SC5314,742412,25541,
Ca21chr5_C_albicans_SC5314,69540,3113,,,Ca21chr5_C_albicans_SC5314,767953,7970,
Ca21chr5_C_albicans_SC5314,72653,688,,,Ca21chr5_C_albicans_SC5314,775923,11705,
Ca21chr5_C_albicans_SC5314,73341,9737,,,Ca21chr5_C_albicans_SC5314,787628,15332,
Ca21chr5_C_albicans_SC5314,83078,3863,,,Ca21chr5_C_albicans_SC5314,802960,7477,
Ca21chr5_C_albicans_SC5314,86941,14065,,,Ca21chr5_C_albicans_SC5314,810437,1443,
Ca21chr5_C_albicans_SC5314,101006,5198,,,Ca21chr5_C_albicans_SC5314,811880,12331,
Ca21chr5_C_albicans_SC5314,106204,442,,,Ca21chr5_C_albicans_SC5314,824211,91331,
Ca21chr5_C_albicans_SC5314,106646,2862,,,Ca21chr5_C_albicans_SC5314,915542,10387,
Ca21chr5_C_albicans_SC5314,109508,5173,,,Ca21chr5_C_albicans_SC5314,925929,16242,
Ca21chr5_C_albicans_SC5314,114681,27316,,,Ca21chr5_C_albicans_SC5314,942171,29545,
Ca21chr5_C_albicans_SC5314,141997,5981,,,Ca21chr5_C_albicans_SC5314,971716,14284,
Ca21chr5_C_albicans_SC5314,147978,5592,,,Ca21chr5_C_albicans_SC5314,986000,690,
Ca21chr5_C_albicans_SC5314,153570,9057,,,Ca21chr5_C_albicans_SC5314,986690,13293,
Ca21chr5_C_albicans_SC5314,162627,17263,,,Ca21chr5_C_albicans_SC5314,999983,13042,
Ca21chr5_C_albicans_SC5314,179890,3636,,,Ca21chr5_C_albicans_SC5314,1013025,1186,
Ca21chr5_C_albicans_SC5314,183526,1751,,,Ca21chr5_C_albicans_SC5314,1014211,4076,
Ca21chr5_C_albicans_SC5314,185277,8412,,,Ca21chr5_C_albicans_SC5314,1018287,6739,
Ca21chr5_C_albicans_SC5314,193689,19865,,,Ca21chr5_C_albicans_SC5314,1025026,300,
Ca21chr5_C_albicans_SC5314,213554,9251,,,Ca21chr5_C_albicans_SC5314,1025326,4604,
Ca21chr5_C_albicans_SC5314,222805,4845,,,Ca21chr5_C_albicans_SC5314,1029930,2166,
Ca21chr5_C_albicans_SC5314,227650,22222,,,Ca21chr5_C_albicans_SC5314,1032096,4621,
Ca21chr5_C_albicans_SC5314,249872,136,,,Ca21chr5_C_albicans_SC5314,1036717,3156,
Ca21chr5_C_albicans_SC5314,250008,18893,,,Ca21chr5_C_albicans_SC5314,1039873,3186,
Ca21chr5_C_albicans_SC5314,268901,2452,,,Ca21chr5_C_albicans_SC5314,1043059,744,
Ca21chr5_C_albicans_SC5314,271353,1967,,,Ca21chr5_C_albicans_SC5314,1043803,2646,
Ca21chr5_C_albicans_SC5314,273320,7915,,,Ca21chr5_C_albicans_SC5314,1046449,7136,
Ca21chr5_C_albicans_SC5314,281235,18451,,,Ca21chr5_C_albicans_SC5314,1053585,42205,
Ca21chr5_C_albicans_SC5314,299686,28181,,,Ca21chr5_C_albicans_SC5314,1095790,22634,
Ca21chr5_C_albicans_SC5314,327867,37133,,,Ca21chr5_C_albicans_SC5314,1118424,,14631.72368
Ca21chr5_C_albicans_SC5314,365000,1923,,,,,,
Ca21chr5_C_albicans_SC5314,366923,3319,,,Ca21chr6_C_albicans_SC5314,10035,9424,
Ca21chr5_C_albicans_SC5314,370242,16068,,,Ca21chr6_C_albicans_SC5314,19459,34303,
Ca21chr5_C_albicans_SC5314,386310,3814,,,Ca21chr6_C_albicans_SC5314,53762,15724,
Ca21chr5_C_albicans_SC5314,390124,3,,,Ca21chr6_C_albicans_SC5314,69486,10712,
Ca21chr5_C_albicans_SC5314,390127,4251,,,Ca21chr6_C_albicans_SC5314,80198,6761,
Ca21chr5_C_albicans_SC5314,394378,16430,,,Ca21chr6_C_albicans_SC5314,86959,40647,
Ca21chr5_C_albicans_SC5314,410808,2579,,,Ca21chr6_C_albicans_SC5314,127606,6733,
Ca21chr5_C_albicans_SC5314,413387,12897,,,Ca21chr6_C_albicans_SC5314,134339,12568,
Ca21chr5_C_albicans_SC5314,426284,2162,,,Ca21chr6_C_albicans_SC5314,146907,11653,
Ca21chr5_C_albicans_SC5314,428446,454,,,Ca21chr6_C_albicans_SC5314,158560,1783,
Ca21chr5_C_albicans_SC5314,428900,65101,,,Ca21chr6_C_albicans_SC5314,160343,12295,
Ca21chr5_C_albicans_SC5314,494001,7957,,,Ca21chr6_C_albicans_SC5314,172638,5720,
Ca21chr5_C_albicans_SC5314,501958,3,,,Ca21chr6_C_albicans_SC5314,178358,2788,
Ca21chr5_C_albicans_SC5314,501961,7248,,,Ca21chr6_C_albicans_SC5314,181146,907,
Ca21chr5_C_albicans_SC5314,509209,20101,,,Ca21chr6_C_albicans_SC5314,182053,1687,
Ca21chr5_C_albicans_SC5314,529310,8832,,,Ca21chr6_C_albicans_SC5314,183740,1974,
Ca21chr5_C_albicans_SC5314,538142,13486,,,Ca21chr6_C_albicans_SC5314,185714,17962,
Ca21chr5_C_albicans_SC5314,551628,8305,,,Ca21chr6_C_albicans_SC5314,203676,3,
Ca21chr5_C_albicans_SC5314,559933,11745,,,Ca21chr6_C_albicans_SC5314,203679,23998,
Ca21chr5_C_albicans_SC5314,571678,1785,,,Ca21chr6_C_albicans_SC5314,227677,16270,
Ca21chr5_C_albicans_SC5314,573463,6710,,,Ca21chr6_C_albicans_SC5314,243947,8301,
Ca21chr5_C_albicans_SC5314,580173,70744,,,Ca21chr6_C_albicans_SC5314,252248,10852,
Ca21chr5_C_albicans_SC5314,650917,35945,,,Ca21chr6_C_albicans_SC5314,263100,18924,
Ca21chr5_C_albicans_SC5314,686862,11034,,,Ca21chr6_C_albicans_SC5314,282024,30479,
Ca21chr5_C_albicans_SC5314,697896,20380,,,Ca21chr6_C_albicans_SC5314,312503,41668,
Ca21chr5_C_albicans_SC5314,718276,18345,,,Ca21chr6_C_albicans_SC5314,354171,29348,
Ca21chr5_C_albicans_SC5314,736621,5791,,,Ca21chr6_C_albicans_SC5314,383519,1103,
Ca21chr5_C_albicans_SC5314,742412,7169,,,Ca21chr6_C_albicans_SC5314,384622,71398,
Ca21chr5_C_albicans_SC5314,749581,26342,,,Ca21chr6_C_albicans_SC5314,456020,6876,
Ca21chr5_C_albicans_SC5314,775923,3840,,,Ca21chr6_C_albicans_SC5314,462896,3,
Ca21chr5_C_albicans_SC5314,779763,6503,,,Ca21chr6_C_albicans_SC5314,462899,790,
Ca21chr5_C_albicans_SC5314,786266,1362,,,Ca21chr6_C_albicans_SC5314,463689,33233,
Ca21chr5_C_albicans_SC5314,787628,14726,,,Ca21chr6_C_albicans_SC5314,496922,36071,
Ca21chr5_C_albicans_SC5314,802354,606,,,Ca21chr6_C_albicans_SC5314,532993,9076,
Ca21chr5_C_albicans_SC5314,802960,3,,,Ca21chr6_C_albicans_SC5314,542069,30319,
Ca21chr5_C_albicans_SC5314,802963,10444,,,Ca21chr6_C_albicans_SC5314,572388,12642,
Ca21chr5_C_albicans_SC5314,813407,10804,,,Ca21chr6_C_albicans_SC5314,585030,16063,
Ca21chr5_C_albicans_SC5314,824211,391,,,Ca21chr6_C_albicans_SC5314,601093,1348,
Ca21chr5_C_albicans_SC5314,824602,8763,,,Ca21chr6_C_albicans_SC5314,602441,5981,
Ca21chr5_C_albicans_SC5314,833365,18664,,,Ca21chr6_C_albicans_SC5314,608422,7385,
Ca21chr5_C_albicans_SC5314,852029,778,,,Ca21chr6_C_albicans_SC5314,615807,29610,
Ca21chr5_C_albicans_SC5314,852807,15781,,,Ca21chr6_C_albicans_SC5314,645417,15302,
Ca21chr5_C_albicans_SC5314,868588,12428,,,Ca21chr6_C_albicans_SC5314,660719,22523,
Ca21chr5_C_albicans_SC5314,881016,33572,,,Ca21chr6_C_albicans_SC5314,683242,8757,
Ca21chr5_C_albicans_SC5314,914588,27583,,,Ca21chr6_C_albicans_SC5314,691999,3457,
Ca21chr5_C_albicans_SC5314,942171,1015,,,Ca21chr6_C_albicans_SC5314,695456,442,
Ca21chr5_C_albicans_SC5314,943186,32875,,,Ca21chr6_C_albicans_SC5314,695898,3,
Ca21chr5_C_albicans_SC5314,976061,3,,,Ca21chr6_C_albicans_SC5314,695901,1315,
Ca21chr5_C_albicans_SC5314,976064,10890,,,Ca21chr6_C_albicans_SC5314,697216,64281,
Ca21chr5_C_albicans_SC5314,986954,16661,,,Ca21chr6_C_albicans_SC5314,761497,18671,
Ca21chr5_C_albicans_SC5314,1003615,38019,,,Ca21chr6_C_albicans_SC5314,780168,28063,
Ca21chr5_C_albicans_SC5314,1041634,1425,,,Ca21chr6_C_albicans_SC5314,808231,67437,
Ca21chr5_C_albicans_SC5314,1043059,744,,,Ca21chr6_C_albicans_SC5314,875668,15387,
Ca21chr5_C_albicans_SC5314,1043803,9782,,,Ca21chr6_C_albicans_SC5314,891055,3,
Ca21chr5_C_albicans_SC5314,1053585,1789,,,Ca21chr6_C_albicans_SC5314,891058,79552,
Ca21chr5_C_albicans_SC5314,1055374,17275,,,Ca21chr6_C_albicans_SC5314,970610,23982,
Ca21chr5_C_albicans_SC5314,1072649,21765,,,Ca21chr6_C_albicans_SC5314,994592,2643,
Ca21chr5_C_albicans_SC5314,1094414,1376,,,Ca21chr6_C_albicans_SC5314,997235,341,
Ca21chr5_C_albicans_SC5314,1095790,4659,,,Ca21chr6_C_albicans_SC5314,997576,,17026.56897
Ca21chr5_C_albicans_SC5314,1100449,10923,,,,,,
Ca21chr5_C_albicans_SC5314,1111372,1019,,,Ca21chr7_C_albicans_SC5314,24965,42856,
Ca21chr5_C_albicans_SC5314,1112391,3269,,,Ca21chr7_C_albicans_SC5314,67821,8081,
Ca21chr5_C_albicans_SC5314,1115660,2764,,,Ca21chr7_C_albicans_SC5314,75902,10865,
Ca21chr5_C_albicans_SC5314,1118424,6968,,,Ca21chr7_C_albicans_SC5314,86767,56754,
Ca21chr5_C_albicans_SC5314,1125392,49770,,,Ca21chr7_C_albicans_SC5314,143521,8227,
Ca21chr5_C_albicans_SC5314,1175162,,11237.97115,,Ca21chr7_C_albicans_SC5314,151748,38151,
,,,,,Ca21chr7_C_albicans_SC5314,189899,34866,
Ca21chr6_C_albicans_SC5314,15924,648,,,Ca21chr7_C_albicans_SC5314,224765,18514,
Ca21chr6_C_albicans_SC5314,16572,7299,,,Ca21chr7_C_albicans_SC5314,243279,2979,
Ca21chr6_C_albicans_SC5314,23871,82237,,,Ca21chr7_C_albicans_SC5314,246258,9530,
Ca21chr6_C_albicans_SC5314,106108,16053,,,Ca21chr7_C_albicans_SC5314,255788,5478,
Ca21chr6_C_albicans_SC5314,122161,3,,,Ca21chr7_C_albicans_SC5314,261266,6450,
Ca21chr6_C_albicans_SC5314,122164,24743,,,Ca21chr7_C_albicans_SC5314,267716,1818,
Ca21chr6_C_albicans_SC5314,146907,22606,,,Ca21chr7_C_albicans_SC5314,269534,7272,
Ca21chr6_C_albicans_SC5314,169513,3125,,,Ca21chr7_C_albicans_SC5314,276806,86404,
Ca21chr6_C_albicans_SC5314,172638,9415,,,Ca21chr7_C_albicans_SC5314,363210,6290,
Ca21chr6_C_albicans_SC5314,182053,1112,,,Ca21chr7_C_albicans_SC5314,369500,16654,
Ca21chr6_C_albicans_SC5314,183165,575,,,Ca21chr7_C_albicans_SC5314,386154,12712,
Ca21chr6_C_albicans_SC5314,183740,1974,,,Ca21chr7_C_albicans_SC5314,398866,18828,
Ca21chr6_C_albicans_SC5314,185714,3452,,,Ca21chr7_C_albicans_SC5314,417694,10865,
Ca21chr6_C_albicans_SC5314,189166,14510,,,Ca21chr7_C_albicans_SC5314,428559,27656,
Ca21chr6_C_albicans_SC5314,203676,810,,,Ca21chr7_C_albicans_SC5314,456215,10868,
Ca21chr6_C_albicans_SC5314,204486,13299,,,Ca21chr7_C_albicans_SC5314,467083,6835,
Ca21chr6_C_albicans_SC5314,217785,4527,,,Ca21chr7_C_albicans_SC5314,473918,79688,
Ca21chr6_C_albicans_SC5314,222312,5365,,,Ca21chr7_C_albicans_SC5314,553606,134997,
Ca21chr6_C_albicans_SC5314,227677,7210,,,Ca21chr7_C_albicans_SC5314,688603,303,
Ca21chr6_C_albicans_SC5314,234887,15548,,,Ca21chr7_C_albicans_SC5314,688906,12536,
Ca21chr6_C_albicans_SC5314,250435,1813,,,Ca21chr7_C_albicans_SC5314,701442,64074,
Ca21chr6_C_albicans_SC5314,252248,4280,,,Ca21chr7_C_albicans_SC5314,765516,20684,
Ca21chr6_C_albicans_SC5314,256528,47673,,,Ca21chr7_C_albicans_SC5314,786200,10063,
Ca21chr6_C_albicans_SC5314,304201,5181,,,Ca21chr7_C_albicans_SC5314,796263,1953,
Ca21chr6_C_albicans_SC5314,309382,40293,,,Ca21chr7_C_albicans_SC5314,798216,14449,
Ca21chr6_C_albicans_SC5314,349675,1512,,,Ca21chr7_C_albicans_SC5314,812665,12000,
Ca21chr6_C_albicans_SC5314,351187,2984,,,Ca21chr7_C_albicans_SC5314,824665,39163,
Ca21chr6_C_albicans_SC5314,354171,44299,,,Ca21chr7_C_albicans_SC5314,863828,3062,
Ca21chr6_C_albicans_SC5314,398470,11212,,,Ca21chr7_C_albicans_SC5314,866890,3127,
Ca21chr6_C_albicans_SC5314,409682,35098,,,Ca21chr7_C_albicans_SC5314,870017,14919,
Ca21chr6_C_albicans_SC5314,444780,17376,,,Ca21chr7_C_albicans_SC5314,884936,3,
Ca21chr6_C_albicans_SC5314,462156,52428,,,Ca21chr7_C_albicans_SC5314,884939,40788,
Ca21chr6_C_albicans_SC5314,514584,4817,,,Ca21chr7_C_albicans_SC5314,925727,4739,
Ca21chr6_C_albicans_SC5314,519401,13592,,,Ca21chr7_C_albicans_SC5314,930466,,22637.525
Ca21chr6_C_albicans_SC5314,532993,333,,,,,,
Ca21chr6_C_albicans_SC5314,533326,8743,,,Ca21chrR_C_albicans_SC5314,26469,24222,
Ca21chr6_C_albicans_SC5314,542069,30319,,,Ca21chrR_C_albicans_SC5314,50691,10316,
Ca21chr6_C_albicans_SC5314,572388,14619,,,Ca21chrR_C_albicans_SC5314,61007,9670,
Ca21chr6_C_albicans_SC5314,587007,3,,,Ca21chrR_C_albicans_SC5314,70677,3968,
Ca21chr6_C_albicans_SC5314,587010,15938,,,Ca21chrR_C_albicans_SC5314,74645,2925,
Ca21chr6_C_albicans_SC5314,602948,5474,,,Ca21chrR_C_albicans_SC5314,77570,14932,
Ca21chr6_C_albicans_SC5314,608422,7385,,,Ca21chrR_C_albicans_SC5314,92502,576,
Ca21chr6_C_albicans_SC5314,615807,27197,,,Ca21chrR_C_albicans_SC5314,93078,13369,
Ca21chr6_C_albicans_SC5314,643004,48827,,,Ca21chrR_C_albicans_SC5314,106447,28440,
Ca21chr6_C_albicans_SC5314,691831,372,,,Ca21chrR_C_albicans_SC5314,134887,1507,
Ca21chr6_C_albicans_SC5314,692203,6677,,,Ca21chrR_C_albicans_SC5314,136394,4108,
Ca21chr6_C_albicans_SC5314,698880,1110,,,Ca21chrR_C_albicans_SC5314,140502,2535,
Ca21chr6_C_albicans_SC5314,699990,56656,,,Ca21chrR_C_albicans_SC5314,143037,16266,
Ca21chr6_C_albicans_SC5314,756646,2445,,,Ca21chrR_C_albicans_SC5314,159303,20836,
Ca21chr6_C_albicans_SC5314,759091,3348,,,Ca21chrR_C_albicans_SC5314,180139,7243,
Ca21chr6_C_albicans_SC5314,762439,17729,,,Ca21chrR_C_albicans_SC5314,187382,16070,
Ca21chr6_C_albicans_SC5314,780168,96493,,,Ca21chrR_C_albicans_SC5314,203452,26965,
Ca21chr6_C_albicans_SC5314,876661,3941,,,Ca21chrR_C_albicans_SC5314,230417,10847,
Ca21chr6_C_albicans_SC5314,880602,2438,,,Ca21chrR_C_albicans_SC5314,241264,14036,
Ca21chr6_C_albicans_SC5314,883040,3490,,,Ca21chrR_C_albicans_SC5314,255300,18220,
Ca21chr6_C_albicans_SC5314,886530,4528,,,Ca21chrR_C_albicans_SC5314,273520,7589,
Ca21chr6_C_albicans_SC5314,891058,13669,,,Ca21chrR_C_albicans_SC5314,281109,59017,
Ca21chr6_C_albicans_SC5314,904727,31695,,,Ca21chrR_C_albicans_SC5314,340126,8694,
Ca21chr6_C_albicans_SC5314,936422,3,,,Ca21chrR_C_albicans_SC5314,348820,51859,
Ca21chr6_C_albicans_SC5314,936425,1354,,,Ca21chrR_C_albicans_SC5314,400679,98921,
Ca21chr6_C_albicans_SC5314,937779,44801,,,Ca21chrR_C_albicans_SC5314,499600,95770,
Ca21chr6_C_albicans_SC5314,982580,14996,,,Ca21chrR_C_albicans_SC5314,595370,12726,
Ca21chr6_C_albicans_SC5314,997576,3,,,Ca21chrR_C_albicans_SC5314,608096,72967,
Ca21chr6_C_albicans_SC5314,997579,,15581.8254,,Ca21chrR_C_albicans_SC5314,681063,42842,
,,,,,Ca21chrR_C_albicans_SC5314,723905,31086,
Ca21chr7_C_albicans_SC5314,34797,17551,,,Ca21chrR_C_albicans_SC5314,754991,3,
Ca21chr7_C_albicans_SC5314,52348,15473,,,Ca21chrR_C_albicans_SC5314,754994,4211,
Ca21chr7_C_albicans_SC5314,67821,18946,,,Ca21chrR_C_albicans_SC5314,759205,17330,
Ca21chr7_C_albicans_SC5314,86767,10926,,,Ca21chrR_C_albicans_SC5314,776535,46361,
Ca21chr7_C_albicans_SC5314,97693,14821,,,Ca21chrR_C_albicans_SC5314,822896,17963,
Ca21chr7_C_albicans_SC5314,112514,5780,,,Ca21chrR_C_albicans_SC5314,840859,18013,
Ca21chr7_C_albicans_SC5314,118294,16503,,,Ca21chrR_C_albicans_SC5314,858872,44500,
Ca21chr7_C_albicans_SC5314,134797,4913,,,Ca21chrR_C_albicans_SC5314,903372,69867,
Ca21chr7_C_albicans_SC5314,139710,3811,,,Ca21chrR_C_albicans_SC5314,973239,40743,
Ca21chr7_C_albicans_SC5314,143521,81244,,,Ca21chrR_C_albicans_SC5314,1013982,451,
Ca21chr7_C_albicans_SC5314,224765,18514,,,Ca21chrR_C_albicans_SC5314,1014433,9725,
Ca21chr7_C_albicans_SC5314,243279,12509,,,Ca21chrR_C_albicans_SC5314,1024158,5470,
Ca21chr7_C_albicans_SC5314,255788,5478,,,Ca21chrR_C_albicans_SC5314,1029628,26824,
Ca21chr7_C_albicans_SC5314,261266,6450,,,Ca21chrR_C_albicans_SC5314,1056452,25978,
Ca21chr7_C_albicans_SC5314,267716,9090,,,Ca21chrR_C_albicans_SC5314,1082430,36930,
Ca21chr7_C_albicans_SC5314,276806,416,,,Ca21chrR_C_albicans_SC5314,1119360,37700,
Ca21chr7_C_albicans_SC5314,277222,10160,,,Ca21chrR_C_albicans_SC5314,1157060,96008,
Ca21chr7_C_albicans_SC5314,287382,15188,,,Ca21chrR_C_albicans_SC5314,1253068,43633,
Ca21chr7_C_albicans_SC5314,302570,56944,,,Ca21chrR_C_albicans_SC5314,1296701,32933,
Ca21chr7_C_albicans_SC5314,359514,1283,,,Ca21chrR_C_albicans_SC5314,1329634,55106,
Ca21chr7_C_albicans_SC5314,360797,2413,,,Ca21chrR_C_albicans_SC5314,1384740,12995,
Ca21chr7_C_albicans_SC5314,363210,3633,,,Ca21chrR_C_albicans_SC5314,1397735,43384,
Ca21chr7_C_albicans_SC5314,366843,2657,,,Ca21chrR_C_albicans_SC5314,1441119,11736,
Ca21chr7_C_albicans_SC5314,369500,1563,,,Ca21chrR_C_albicans_SC5314,1452855,17816,
Ca21chr7_C_albicans_SC5314,371063,11200,,,Ca21chrR_C_albicans_SC5314,1470671,66091,
Ca21chr7_C_albicans_SC5314,382263,16603,,,Ca21chrR_C_albicans_SC5314,1536762,17324,
Ca21chr7_C_albicans_SC5314,398866,18828,,,Ca21chrR_C_albicans_SC5314,1554086,26331,
Ca21chr7_C_albicans_SC5314,417694,38521,,,Ca21chrR_C_albicans_SC5314,1580417,23802,
Ca21chr7_C_albicans_SC5314,456215,53642,,,Ca21chrR_C_albicans_SC5314,1604219,14488,
Ca21chr7_C_albicans_SC5314,509857,167397,,,Ca21chrR_C_albicans_SC5314,1618707,25310,
Ca21chr7_C_albicans_SC5314,677254,12302,,,Ca21chrR_C_albicans_SC5314,1644017,14700,
Ca21chr7_C_albicans_SC5314,689556,11226,,,Ca21chrR_C_albicans_SC5314,1658717,7288,
Ca21chr7_C_albicans_SC5314,700782,20689,,,Ca21chrR_C_albicans_SC5314,1666005,172,
Ca21chr7_C_albicans_SC5314,721471,60781,,,Ca21chrR_C_albicans_SC5314,1666177,6052,
Ca21chr7_C_albicans_SC5314,782252,80,,,Ca21chrR_C_albicans_SC5314,1672229,43004,
Ca21chr7_C_albicans_SC5314,782332,15884,,,Ca21chrR_C_albicans_SC5314,1715233,21614,
Ca21chr7_C_albicans_SC5314,798216,5652,,,Ca21chrR_C_albicans_SC5314,1736847,9362,
Ca21chr7_C_albicans_SC5314,803868,8283,,,Ca21chrR_C_albicans_SC5314,1746209,52980,
Ca21chr7_C_albicans_SC5314,812151,514,,,Ca21chrR_C_albicans_SC5314,1799189,28897,
Ca21chr7_C_albicans_SC5314,812665,27508,,,Ca21chrR_C_albicans_SC5314,1828086,4959,
Ca21chr7_C_albicans_SC5314,840173,29844,,,Ca21chrR_C_albicans_SC5314,1833045,5410,
Ca21chr7_C_albicans_SC5314,870017,4860,,,Ca21chrR_C_albicans_SC5314,1838455,78638,
Ca21chr7_C_albicans_SC5314,874877,3188,,,Ca21chrR_C_albicans_SC5314,1917093,1404,
Ca21chr7_C_albicans_SC5314,878065,17699,,,Ca21chrR_C_albicans_SC5314,1918497,21317,
Ca21chr7_C_albicans_SC5314,895764,7663,,,Ca21chrR_C_albicans_SC5314,1939814,13901,
Ca21chr7_C_albicans_SC5314,903427,2485,,,Ca21chrR_C_albicans_SC5314,1953715,32968,
Ca21chr7_C_albicans_SC5314,905912,27053,,,Ca21chrR_C_albicans_SC5314,1986683,26251,
Ca21chr7_C_albicans_SC5314,932965,4361,,,Ca21chrR_C_albicans_SC5314,2012934,7243,
Ca21chr7_C_albicans_SC5314,937326,,18802.6875,,Ca21chrR_C_albicans_SC5314,2020177,5441,
,,,,,Ca21chrR_C_albicans_SC5314,2025618,16986,
Ca21chrR_C_albicans_SC5314,70677,17351,,,Ca21chrR_C_albicans_SC5314,2042604,36610,
Ca21chrR_C_albicans_SC5314,88028,47545,,,Ca21chrR_C_albicans_SC5314,2079214,23725,
Ca21chrR_C_albicans_SC5314,135573,93921,,,Ca21chrR_C_albicans_SC5314,2102939,12950,
Ca21chrR_C_albicans_SC5314,229494,923,,,Ca21chrR_C_albicans_SC5314,2115889,20925,
Ca21chrR_C_albicans_SC5314,230417,3353,,,Ca21chrR_C_albicans_SC5314,2136814,25698,
Ca21chrR_C_albicans_SC5314,233770,7494,,,Ca21chrR_C_albicans_SC5314,2162512,3224,
Ca21chrR_C_albicans_SC5314,241264,1725,,,Ca21chrR_C_albicans_SC5314,2165736,35065,
Ca21chrR_C_albicans_SC5314,242989,40999,,,Ca21chrR_C_albicans_SC5314,2200801,78303,
Ca21chrR_C_albicans_SC5314,283988,14644,,,Ca21chrR_C_albicans_SC5314,2279104,5591,
Ca21chrR_C_albicans_SC5314,298632,1489,,,Ca21chrR_C_albicans_SC5314,2284695,,25373.32584
Ca21chrR_C_albicans_SC5314,300121,40005,,,,,,20481.77856
Ca21chrR_C_albicans_SC5314,340126,114809,,,,,,
Ca21chrR_C_albicans_SC5314,454935,14070,,,,,,
Ca21chrR_C_albicans_SC5314,469005,30598,,,,,,
Ca21chrR_C_albicans_SC5314,499603,173344,,,,,,
Ca21chrR_C_albicans_SC5314,672947,29659,,,,,,
Ca21chrR_C_albicans_SC5314,702606,31859,,,,,,
Ca21chrR_C_albicans_SC5314,734465,65433,,,,,,
Ca21chrR_C_albicans_SC5314,799898,21194,,,,,,
Ca21chrR_C_albicans_SC5314,821092,80432,,,,,,
Ca21chrR_C_albicans_SC5314,901524,1123,,,,,,
Ca21chrR_C_albicans_SC5314,902647,725,,,,,,
Ca21chrR_C_albicans_SC5314,903372,42932,,,,,,
Ca21chrR_C_albicans_SC5314,946304,103153,,,,,,
Ca21chrR_C_albicans_SC5314,1049457,32973,,,,,,
Ca21chrR_C_albicans_SC5314,1082430,4944,,,,,,
Ca21chrR_C_albicans_SC5314,1087374,69686,,,,,,
Ca21chrR_C_albicans_SC5314,1157060,63611,,,,,,
Ca21chrR_C_albicans_SC5314,1220671,4699,,,,,,
Ca21chrR_C_albicans_SC5314,1225370,23390,,,,,,
Ca21chrR_C_albicans_SC5314,1248760,4308,,,,,,
Ca21chrR_C_albicans_SC5314,1253068,7189,,,,,,
Ca21chrR_C_albicans_SC5314,1260257,39670,,,,,,
Ca21chrR_C_albicans_SC5314,1299927,97572,,,,,,
Ca21chrR_C_albicans_SC5314,1397499,236,,,,,,
Ca21chrR_C_albicans_SC5314,1397735,49589,,,,,,
Ca21chrR_C_albicans_SC5314,1447324,3138,,,,,,
Ca21chrR_C_albicans_SC5314,1450462,103624,,,,,,
Ca21chrR_C_albicans_SC5314,1554086,50133,,,,,,
Ca21chrR_C_albicans_SC5314,1604219,61958,,,,,,
Ca21chrR_C_albicans_SC5314,1666177,6052,,,,,,
Ca21chrR_C_albicans_SC5314,1672229,14153,,,,,,
Ca21chrR_C_albicans_SC5314,1686382,21901,,,,,,
Ca21chrR_C_albicans_SC5314,1708283,26595,,,,,,
Ca21chrR_C_albicans_SC5314,1734878,11328,,,,,,
Ca21chrR_C_albicans_SC5314,1746206,86839,,,,,,
Ca21chrR_C_albicans_SC5314,1833045,24002,,,,,,
Ca21chrR_C_albicans_SC5314,1857047,9421,,,,,,
Ca21chrR_C_albicans_SC5314,1866468,52029,,,,,,
Ca21chrR_C_albicans_SC5314,1918497,94437,,,,,,
Ca21chrR_C_albicans_SC5314,2012934,7243,,,,,,
Ca21chrR_C_albicans_SC5314,2020177,5441,,,,,,
Ca21chrR_C_albicans_SC5314,2025618,1039,,,,,,
Ca21chrR_C_albicans_SC5314,2026657,1723,,,,,,
Ca21chrR_C_albicans_SC5314,2028380,10525,,,,,,
Ca21chrR_C_albicans_SC5314,2038905,3699,,,,,,
Ca21chrR_C_albicans_SC5314,2042604,2286,,,,,,
Ca21chrR_C_albicans_SC5314,2044890,8335,,,,,,
Ca21chrR_C_albicans_SC5314,2053225,25989,,,,,,
Ca21chrR_C_albicans_SC5314,2079214,1127,,,,,,
Ca21chrR_C_albicans_SC5314,2080341,2446,,,,,,
Ca21chrR_C_albicans_SC5314,2082787,15847,,,,,,
Ca21chrR_C_albicans_SC5314,2098634,185,,,,,,
Ca21chrR_C_albicans_SC5314,2098819,4120,,,,,,
Ca21chrR_C_albicans_SC5314,2102939,12950,,,,,,
Ca21chrR_C_albicans_SC5314,2115889,20925,,,,,,
Ca21chrR_C_albicans_SC5314,2136814,22809,,,,,,
Ca21chrR_C_albicans_SC5314,2159623,53858,,,,,,
Ca21chrR_C_albicans_SC5314,2213481,65623,,,,,,
Ca21chrR_C_albicans_SC5314,2279104,,32006.18841,,,,,
,,,20038.80024,,,,,
