,Ca21chr1_C_albicans_SC5314,Ca21chr1_C_albicans_SC5314,Ca21chr1_C_albicans_SC5314,Ca21chr1_C_albicans_SC5314,Ca21chr1_C_albicans_SC5314,Ca21chr1_C_albicans_SC5314,Ca21chr1_C_albicans_SC5314,Ca21chr1_C_albicans_SC5314,Ca21chr1_C_albicans_SC5314,Ca21chr1_C_albicans_SC5314,Ca21chr1_C_albicans_SC5314,Ca21chr1_C_albicans_SC5314,Ca21chr1_C_albicans_SC5314,Ca21chr1_C_albicans_SC5314,Ca21chr1_C_albicans_SC5314,Ca21chr1_C_albicans_SC5314,Ca21chr1_C_albicans_SC5314,Ca21chr1_C_albicans_SC5314,Ca21chr1_C_albicans_SC5314,Ca21chr1_C_albicans_SC5314,Ca21chr1_C_albicans_SC5314,Ca21chr1_C_albicans_SC5314,Ca21chr1_C_albicans_SC5314,Ca21chr1_C_albicans_SC5314,Ca21chr1_C_albicans_SC5314,Ca21chr1_C_albicans_SC5314,Ca21chr1_C_albicans_SC5314,Ca21chr1_C_albicans_SC5314,Ca21chr1_C_albicans_SC5314,Ca21chr1_C_albicans_SC5314,Ca21chr2_C_albicans_SC5314,Ca21chr2_C_albicans_SC5314,Ca21chr2_C_albicans_SC5314,Ca21chr2_C_albicans_SC5314,Ca21chr2_C_albicans_SC5314,Ca21chr2_C_albicans_SC5314,Ca21chr2_C_albicans_SC5314,Ca21chr2_C_albicans_SC5314,Ca21chr2_C_albicans_SC5314,Ca21chr2_C_albicans_SC5314,Ca21chr2_C_albicans_SC5314,Ca21chr2_C_albicans_SC5314,Ca21chr2_C_albicans_SC5314,Ca21chr2_C_albicans_SC5314,Ca21chr2_C_albicans_SC5314,Ca21chr2_C_albicans_SC5314,Ca21chr2_C_albicans_SC5314,Ca21chr2_C_albicans_SC5314,Ca21chr2_C_albicans_SC5314,Ca21chr2_C_albicans_SC5314,Ca21chr3_C_albicans_SC5314,Ca21chr3_C_albicans_SC5314,Ca21chr3_C_albicans_SC5314,Ca21chr3_C_albicans_SC5314,Ca21chr3_C_albicans_SC5314,Ca21chr3_C_albicans_SC5314,Ca21chr3_C_albicans_SC5314,Ca21chr3_C_albicans_SC5314,Ca21chr3_C_albicans_SC5314,Ca21chr3_C_albicans_SC5314,Ca21chr3_C_albicans_SC5314,Ca21chr3_C_albicans_SC5314,Ca21chr4_C_albicans_SC5314,Ca21chr4_C_albicans_SC5314,Ca21chr4_C_albicans_SC5314,Ca21chr4_C_albicans_SC5314,Ca21chr4_C_albicans_SC5314,Ca21chr4_C_albicans_SC5314,Ca21chr4_C_albicans_SC5314,Ca21chr4_C_albicans_SC5314,Ca21chr4_C_albicans_SC5314,Ca21chr4_C_albicans_SC5314,Ca21chr4_C_albicans_SC5314,Ca21chr5_C_albicans_SC5314,Ca21chr5_C_albicans_SC5314,Ca21chr5_C_albicans_SC5314,Ca21chr5_C_albicans_SC5314,Ca21chr5_C_albicans_SC5314,Ca21chr5_C_albicans_SC5314,Ca21chr5_C_albicans_SC5314,Ca21chr5_C_albicans_SC5314,Ca21chr5_C_albicans_SC5314,Ca21chr5_C_albicans_SC5314,Ca21chr5_C_albicans_SC5314,Ca21chr5_C_albicans_SC5314,Ca21chr5_C_albicans_SC5314,Ca21chr6_C_albicans_SC5314,Ca21chr6_C_albicans_SC5314,Ca21chr6_C_albicans_SC5314,Ca21chr6_C_albicans_SC5314,Ca21chr6_C_albicans_SC5314,Ca21chr6_C_albicans_SC5314,Ca21chr6_C_albicans_SC5314,Ca21chr6_C_albicans_SC5314,Ca21chr6_C_albicans_SC5314,Ca21chr6_C_albicans_SC5314,Ca21chr6_C_albicans_SC5314,Ca21chr6_C_albicans_SC5314,Ca21chr6_C_albicans_SC5314,Ca21chr7_C_albicans_SC5314,Ca21chr7_C_albicans_SC5314,Ca21chr7_C_albicans_SC5314,Ca21chr7_C_albicans_SC5314,Ca21chrR_C_albicans_SC5314,Ca21chrR_C_albicans_SC5314,Ca21chrR_C_albicans_SC5314,Ca21chrR_C_albicans_SC5314,Ca21chrR_C_albicans_SC5314,Ca21chrR_C_albicans_SC5314,Ca21chrR_C_albicans_SC5314,Ca21chrR_C_albicans_SC5314,Ca21chrR_C_albicans_SC5314,Ca21chrR_C_albicans_SC5314,Ca21chrR_C_albicans_SC5314
,26100,73201,87688,110356,250409,355539,462676,651808,812529,893375,916238,984801,1047202,1095957,1334727,1349244,1397640,1665820,2048371,2211986,2265336,2309057,2420629,2617254,2618016,2660202,2776315,2948296,2954530,3177404,8421,38597,196268,458807,712505,811796,883134,946235,1015247,1468304,1596268,1693653,1803649,1839720,1963359,1989149,2028790,2088389,2130063,2229034,143471,359461,590795,621582,647955,1136563,1251347,1561085,1564265,1583587,1611370,1634984,79172,260945,303209,322133,601370,768500,949731,1061764,1160752,1441946,1568599,16201,106204,189389,271353,506642,536536,633057,705442,775923,925929,1014211,1018287,1043059,178358,182053,203679,227677,354171,383519,585030,602441,683242,697216,780168,875668,997576,246258,417694,553606,765516,26469,681063,723905,759205,1013982,1056452,1329634,1554086,1604219,1658717,1828086
,1418,2357,2496,105,1331,2025,2133,2291,2445,2523,2546,2614,55,102,298,315,353,579,922,1070,1117,1152,1264,1425,1428,1467,1595,1770,1780,1977,4268,3863,3485,3933,4147,4239,4307,4377,2649,3027,3154,3258,3374,3393,3487,3512,3543,3601,3651,3734,4786,5295,5496,5530,5560,4530,4630,4897,4900,4922,4958,4984,6938,6471,6500,6517,6782,6917,7074,5901,6011,6224,6340,7334,7174,7355,7429,7646,7679,7773,7843,7899,8024,7122,7128,7162,8192,8196,8221,8237,8356,8384,8584,8613,8692,8712,8789,8863,8972,9085,9231,9371,9572,10819,11201,11239,11270,9754,9789,10008,10182,10223,10272,10402
529LxSC_P10_A9_146,n,x,x,x,n,n,x,x,x,x,x,x,x,x,1,n,x,n,x,x,n,x,x,x,x,x,x,x,x,x,x,x,x,x,-,x,x,n,x,x,x,x,x,x,x,-,x,-,x,x,x,n,x,x,x,x,x,x,x,x,-,n,x,x,x,2,2,n,x,x,x,x,x,x,x,n,x,x,x,x,x,n,x,x,x,x,1,x,x,-,x,x,x,x,x,x,2,x,x,n,x,1,-,n,x,x,x,x,n,x,x,x,x,x
529LxSC_P11_A10_162,x,x,x,x,n,x,x,x,x,x,x,x,x,x,1,x,x,x,x,x,x,x,x,x,x,x,x,x,x,x,2,x,x,x,x,x,x,n,x,x,x,x,x,x,x,x,x,-,x,x,x,n,n,x,x,x,x,x,x,x,-,x,x,x,x,x,x,x,x,x,x,x,x,x,x,n,x,x,x,x,x,x,x,x,x,x,x,x,x,-,x,x,x,x,n,x,n,x,x,x,x,x,-,n,x,x,x,x,x,x,x,x,x,n
529LxSC_P12_A11_178,x,-,x,x,-,x,x,x,x,x,x,x,x,x,n,x,x,n,x,x,x,x,x,x,x,x,x,x,x,x,n,x,x,x,2,x,x,1,x,x,n,n,n,x,x,-,x,-,x,x,x,n,x,x,x,x,x,x,x,x,-,x,x,x,x,x,x,n,x,x,x,x,x,x,n,n,x,x,x,x,x,x,x,x,x,x,x,x,x,-,x,x,x,x,n,n,1,x,x,x,n,2,-,2,x,x,x,x,x,x,n,x,x,x
529LxSC_P13_A12_194,x,x,x,x,x,n,n,x,x,n,x,x,x,x,2,n,x,n,x,x,x,x,x,x,x,x,x,2,x,x,x,x,x,n,x,x,x,x,x,x,x,1,n,x,x,n,x,-,n,x,x,x,x,x,x,x,x,x,x,x,-,n,x,x,x,x,x,n,x,x,x,x,x,x,x,n,x,x,x,x,x,x,x,x,x,x,x,x,x,-,x,x,x,x,x,x,n,x,x,x,x,x,-,-,x,x,x,x,n,x,x,1,x,x
529LxSC_P14_B1_116,x,x,x,x,n,x,1,x,n,x,x,x,x,n,1,x,x,-,x,x,x,x,x,x,x,x,x,n,x,x,n,x,x,x,-,x,x,2,x,x,x,n,x,x,x,1,x,-,n,x,n,n,x,x,x,x,x,x,x,x,-,-,x,x,x,x,x,n,x,x,x,x,x,n,2,n,x,x,x,x,x,x,x,x,x,x,n,x,x,-,x,x,x,x,x,n,n,x,x,n,x,1,-,2,x,x,x,x,x,x,n,x,x,x
529LxSC_P15_B2_132,x,x,x,x,n,n,1,x,2,n,x,x,x,n,x,x,x,2,x,x,2,x,1,x,x,x,x,x,x,x,1,x,x,x,x,x,2,1,x,x,x,x,x,x,x,1,x,-,x,1,n,n,x,x,x,x,x,x,x,n,-,n,x,x,x,x,x,x,x,x,x,x,n,n,n,n,x,x,x,x,x,x,x,x,x,x,x,x,x,-,x,x,x,x,x,n,n,x,x,x,x,2,-,-,x,x,n,x,x,x,x,x,x,x
529LxSC_P20_B7_116,x,x,x,x,-,2,n,x,x,x,x,x,x,-,1,x,x,x,1,x,2,x,x,x,x,n,x,x,x,x,n,x,x,x,n,n,x,x,1,x,n,n,x,x,x,1,x,-,x,x,x,n,n,x,x,x,x,x,n,x,-,-,x,x,x,x,x,x,x,x,x,x,x,x,n,n,x,x,x,x,x,x,x,x,x,x,1,x,x,-,x,x,x,x,n,x,-,x,x,x,x,n,-,2,x,1,n,x,n,x,x,x,x,x
529LxSC_P22_B9_148,x,x,x,x,n,n,1,x,x,x,x,x,x,x,1,x,x,n,x,x,x,x,x,x,x,x,x,n,x,x,1,x,x,x,x,x,x,-,x,x,x,x,x,x,x,1,x,-,x,x,x,n,x,x,x,n,x,x,x,x,-,2,x,x,x,x,x,2,n,x,x,x,x,x,n,n,x,x,x,x,x,n,x,x,x,x,1,x,x,-,x,x,x,n,x,n,2,x,x,x,x,2,-,1,x,x,x,x,-,x,x,n,x,x
529LxSC_P23_B10_164,x,x,x,x,x,n,x,x,x,x,x,x,x,x,n,x,x,n,x,x,x,x,x,x,x,x,x,x,x,x,n,x,x,x,x,x,x,x,x,x,x,x,x,x,x,1,x,-,x,n,n,n,x,x,x,x,x,x,x,x,-,x,x,x,x,x,x,x,x,x,x,x,x,x,n,n,x,x,x,x,x,x,x,x,x,x,x,x,x,-,x,x,x,x,x,x,n,x,x,x,x,x,-,2,x,x,x,x,x,x,x,n,x,x
529LxSC_P24_B11_180,n,x,x,x,n,x,1,n,x,n,x,x,x,x,2,n,x,n,x,x,x,n,x,x,n,x,x,x,x,n,-,x,x,x,n,x,n,n,x,x,n,n,n,n,n,n,x,-,x,x,2,n,n,n,x,x,x,x,n,n,-,n,x,x,x,x,x,x,x,x,x,x,x,n,x,n,n,x,x,x,n,x,2,x,n,x,1,1,x,-,x,x,x,x,x,x,1,n,1,n,n,n,-,n,n,n,x,1,n,x,n,x,x,x
529LxSC_P26_C1_118,n,x,x,x,n,n,2,x,x,x,x,x,x,x,2,x,x,2,x,x,x,x,x,x,x,x,x,n,x,x,n,x,x,x,n,x,x,n,x,x,x,x,x,x,x,-,x,-,x,n,x,n,x,x,x,n,n,n,n,n,-,-,x,x,x,x,x,x,x,x,x,x,x,x,x,n,x,x,x,x,x,x,x,x,x,x,n,x,x,-,x,x,x,x,n,x,2,x,x,n,x,2,-,1,x,x,x,x,x,x,x,x,x,x
529LxSC_P2_A1_114,2,x,x,x,n,n,1,x,x,x,x,x,x,x,-,x,x,2,1,x,x,n,x,x,x,x,x,x,x,x,2,x,x,x,x,x,x,-,x,x,x,n,x,n,x,-,x,-,n,n,x,n,n,x,x,x,x,x,x,x,-,2,x,x,x,x,x,n,n,x,x,x,x,x,x,n,x,x,x,x,x,x,x,x,x,x,2,n,x,-,x,x,n,x,n,n,n,x,x,x,2,2,-,-,x,x,2,x,x,n,x,x,x,x
529LxSC_P32_C7_118,n,x,x,x,n,n,1,x,x,x,x,x,x,x,-,x,x,-,x,x,1,x,x,x,x,n,x,x,x,x,n,x,x,x,n,x,n,n,x,x,x,n,x,x,x,n,x,-,n,x,x,n,n,x,x,x,x,x,x,x,-,n,x,x,x,x,x,x,x,x,x,n,x,x,x,n,x,x,x,x,x,x,x,x,x,x,x,x,x,-,x,x,n,x,n,2,-,x,x,x,x,1,-,n,x,x,n,x,-,x,n,x,x,x
529LxSC_P33_C8_134,n,x,x,x,n,1,2,x,x,n,x,x,x,x,2,2,x,2,x,x,n,x,x,x,x,x,1,n,x,x,x,x,x,x,n,x,n,n,x,x,x,x,x,x,x,n,x,-,x,x,2,n,x,x,x,n,x,x,x,x,-,n,x,x,x,x,-,x,x,x,x,x,x,x,n,n,x,x,x,x,n,n,x,x,x,x,x,x,x,-,2,x,x,x,x,x,2,x,x,n,x,2,-,n,x,x,x,x,n,x,x,n,x,x
529LxSC_P35_C10_166,n,x,x,n,1,n,1,x,n,x,n,x,n,x,x,1,x,2,n,n,x,n,n,n,x,n,x,n,x,n,n,x,n,n,2,n,x,2,n,x,x,n,n,n,n,n,x,-,2,1,n,n,x,n,n,n,n,n,x,n,-,1,n,x,n,n,1,1,n,x,n,x,n,n,x,n,n,x,x,x,n,n,n,x,x,n,n,x,x,-,1,x,x,x,x,x,1,x,x,n,x,n,-,-,x,n,n,n,2,n,n,n,n,x
529LxSC_P36_C11_182,x,x,x,x,x,x,x,x,x,x,x,x,x,x,n,x,x,x,x,x,x,x,x,x,x,x,x,x,x,x,n,x,x,x,x,x,x,x,x,x,x,x,x,x,x,x,x,-,x,x,x,x,x,n,x,x,x,x,x,x,-,x,x,x,x,x,2,x,x,x,x,x,x,x,x,n,x,x,x,x,x,x,x,x,x,x,x,x,x,-,x,x,x,x,x,x,n,x,x,n,x,x,-,n,x,x,x,1,n,x,x,x,x,x
529LxSC_P37_C12_198,2,x,n,n,n,2,1,n,2,n,n,n,n,n,2,n,x,n,n,n,n,n,n,n,n,n,n,n,n,n,-,n,n,1,n,n,n,n,1,x,x,n,n,n,n,n,x,-,n,n,n,n,n,x,n,n,n,n,n,n,-,n,x,n,x,x,x,x,x,x,x,n,x,2,n,n,n,2,2,2,2,2,2,2,2,2,1,n,n,-,2,n,n,n,n,n,1,1,n,n,x,n,-,n,n,x,x,1,n,1,x,x,x,n
529LxSC_P39_D2_136,1,x,x,x,n,1,x,x,n,x,x,x,1,n,x,x,x,1,n,n,x,x,x,x,x,x,1,n,x,x,-,x,x,x,x,x,1,n,x,x,x,x,x,x,n,n,x,-,n,1,n,n,n,x,x,x,x,x,x,x,-,n,n,x,x,x,x,n,x,x,x,x,1,n,1,1,x,x,x,x,n,x,x,x,x,1,n,n,n,-,-,n,x,1,x,1,n,x,n,x,x,n,-,1,x,x,n,1,x,1,x,x,x,n
529LxSC_P40_D3_152,1,x,x,x,x,n,-,x,x,x,x,n,2,n,2,x,x,2,n,x,n,x,x,x,x,n,-,x,x,x,2,x,x,x,n,x,x,2,x,x,x,n,x,x,x,2,x,-,2,x,2,x,n,n,x,2,x,x,x,x,-,-,x,x,x,x,-,n,n,x,n,x,x,n,1,n,x,x,x,x,x,x,x,x,x,x,n,1,n,-,-,x,x,x,x,1,2,x,x,x,n,n,-,x,x,x,n,n,-,x,x,x,x,n
529LxSC_P41_D4_168,x,x,x,x,n,n,1,n,x,n,x,n,n,x,2,n,x,n,n,x,n,x,n,x,x,1,x,x,n,x,1,n,x,x,n,x,1,n,n,n,1,n,n,x,n,n,1,-,x,x,x,n,x,x,n,n,n,n,x,n,-,1,n,n,n,n,-,n,n,n,n,n,n,n,n,n,n,n,x,x,n,n,n,x,x,n,2,2,x,-,2,x,n,x,n,n,2,n,x,1,1,1,-,-,n,1,n,x,n,n,2,n,1,n
529LxSC_P44_D7_120,x,x,x,x,n,n,x,x,x,x,x,x,x,x,2,2,x,x,n,x,x,x,n,x,x,x,x,n,x,x,2,x,x,x,n,n,x,1,x,x,x,x,x,x,x,-,x,-,x,x,x,n,n,n,x,n,x,x,x,n,-,2,x,x,x,x,2,2,n,x,x,x,n,x,n,n,x,x,x,x,x,n,x,x,x,x,n,n,x,-,n,x,x,x,x,x,n,x,x,n,x,1,-,1,x,x,x,x,1,x,n,n,x,n
529LxSC_P46_D9_152,n,x,n,n,n,n,1,n,n,n,n,x,n,n,n,n,x,1,n,n,n,n,x,n,n,n,n,1,n,n,n,-,n,1,n,n,n,-,1,n,n,1,1,n,x,n,n,-,n,x,1,n,2,n,n,n,n,n,n,x,-,n,x,n,n,x,-,n,x,x,x,n,x,n,n,n,n,n,x,x,n,n,-,x,x,n,1,x,n,-,n,n,1,n,x,n,1,x,n,-,n,2,-,1,1,1,x,1,1,1,-,n,n,1
529LxSC_P48_D11_184,n,n,n,n,2,n,1,n,2,n,1,n,n,n,2,n,n,n,n,n,n,n,n,n,n,n,n,n,n,n,n,-,n,2,n,n,2,1,n,x,n,n,2,n,n,n,n,-,n,n,n,n,n,n,n,n,n,n,x,n,-,n,1,x,1,1,-,1,1,1,1,n,1,x,2,n,n,2,2,2,x,2,-,2,2,2,1,n,n,-,n,x,n,n,n,n,n,n,n,-,2,2,-,2,x,n,n,n,n,n,2,n,n,x
529LxSC_P49_D12_200,n,n,n,n,n,n,1,n,n,n,n,n,n,n,1,n,n,n,n,n,2,n,n,n,n,n,n,n,n,n,x,-,n,n,n,x,x,-,n,x,n,n,1,x,n,n,n,-,n,n,n,n,n,n,n,n,n,n,n,n,-,n,x,n,x,x,-,x,x,x,x,n,x,1,n,n,n,1,n,n,n,n,-,n,n,n,n,n,x,-,1,x,n,x,n,2,2,n,x,-,2,2,-,1,n,1,n,n,1,n,2,n,1,n
529LxSC_P52_E3_154,x,x,x,x,x,x,n,x,x,x,x,x,x,x,n,x,x,n,x,x,x,x,x,x,x,x,x,x,x,x,x,x,x,x,x,x,x,x,x,x,x,x,x,x,x,x,x,-,n,x,x,x,x,x,x,x,x,x,x,x,-,n,x,x,x,x,x,x,x,x,x,x,x,x,x,n,x,x,x,x,x,x,x,x,x,x,x,x,x,-,n,x,x,x,x,x,x,x,x,n,x,n,-,1,x,x,x,x,1,x,x,x,x,x
529LxSC_P53_E4_170,n,x,x,x,x,x,x,x,x,x,x,x,x,x,1,n,x,2,x,x,n,x,x,x,x,x,x,x,x,x,n,x,x,x,x,x,x,n,x,x,x,x,x,x,x,2,x,-,x,n,x,x,x,x,x,x,x,x,x,x,-,n,x,x,x,n,2,x,x,x,x,x,x,x,x,n,x,x,x,x,x,x,x,x,x,x,x,x,x,-,x,x,x,x,n,x,-,x,x,x,x,-,-,1,x,x,x,x,1,x,x,x,x,x
529LxSC_P57_E8_138,-,x,x,x,1,n,x,x,2,x,x,n,x,n,2,n,x,x,1,x,n,x,x,x,x,n,x,x,x,x,n,-,x,x,1,x,x,1,x,x,x,2,x,x,x,2,x,-,n,x,n,2,n,x,x,x,x,x,x,x,-,x,n,x,x,n,-,1,n,x,x,x,x,x,x,n,x,x,x,x,x,x,-,x,x,x,n,x,x,-,n,x,n,n,2,n,1,x,x,-,x,2,-,1,x,x,-,x,n,x,-,n,n,x
529LxSC_P59_E10_170,2,x,x,x,n,1,n,x,x,x,x,x,x,x,x,x,x,x,x,x,n,x,x,x,x,x,x,x,x,x,x,-,x,x,n,x,n,n,x,x,x,x,x,x,x,1,x,-,x,x,x,x,x,x,x,x,x,x,x,x,-,x,x,x,x,x,-,x,x,x,x,x,x,x,x,n,x,x,x,x,x,x,-,x,x,x,x,n,x,-,x,x,x,x,x,x,x,x,x,-,x,n,-,2,x,x,n,x,n,x,-,x,x,x
529LxSC_P62_F1_124,n,n,n,n,n,1,n,n,2,n,n,n,n,n,2,n,n,n,n,n,1,n,n,n,n,n,1,n,n,n,-,-,1,1,1,1,1,1,1,1,1,1,1,1,1,1,1,-,1,1,1,n,n,n,n,n,n,n,n,n,-,n,n,x,n,n,-,2,n,n,n,x,n,1,1,1,1,1,1,1,1,1,-,1,1,1,1,x,n,-,n,n,x,n,n,x,1,x,n,-,n,2,-,n,n,1,n,n,n,n,-,n,1,n
529LxSC_P66_F5_188,1,1,n,1,1,1,1,1,1,1,1,1,1,1,1,1,n,1,1,1,1,1,1,1,1,1,1,1,1,1,n,-,1,1,1,1,1,1,1,1,1,1,1,1,1,-,1,-,1,1,2,1,1,1,1,1,1,1,1,1,-,-,1,1,1,1,-,1,1,1,1,1,1,1,1,1,1,1,1,1,1,1,-,1,1,1,1,1,1,-,1,1,1,1,1,1,1,x,1,-,1,1,-,1,1,1,1,1,1,1,-,-,1,1
529LxSC_P68_F7_124,x,x,x,x,1,1,x,x,x,x,x,x,x,x,2,n,n,2,x,x,n,x,x,x,x,x,x,x,x,x,x,x,x,x,x,x,n,-,x,x,x,n,x,x,x,x,x,-,x,x,2,n,x,x,x,x,x,x,x,n,-,n,x,x,x,x,x,x,x,x,x,x,x,x,n,n,x,x,x,x,x,x,x,x,x,x,x,n,x,-,2,x,n,x,1,n,2,x,x,x,x,n,-,n,x,x,x,x,x,x,x,x,x,x
529LxSC_P72_F11_188,x,n,x,n,n,1,x,n,n,x,n,x,n,1,1,n,n,n,n,n,x,n,x,n,x,x,1,x,x,n,1,n,x,x,x,x,n,2,x,n,n,x,x,x,x,x,n,-,n,n,x,n,x,n,n,n,n,n,n,n,-,1,x,x,x,x,x,n,x,x,x,x,x,x,x,n,x,n,n,n,x,n,x,x,n,x,x,x,x,-,2,x,x,x,n,x,2,x,x,x,n,1,-,x,x,x,x,x,x,x,x,x,x,x
529LxSC_P73_F12_204,x,x,x,x,n,-,x,x,x,x,x,x,x,x,n,x,x,x,x,x,2,x,x,x,x,x,x,x,x,x,-,x,x,x,-,x,x,x,x,x,x,x,1,x,x,x,x,-,1,1,x,1,x,x,x,x,x,x,x,x,-,2,x,x,x,x,x,n,x,x,x,x,x,x,n,n,x,x,x,x,x,x,x,x,x,x,n,n,x,-,2,x,x,x,x ,x,-,x,x,x,x,x,-,-,x,x,x,x,x,x,x,2,x,x
529LxSC_P74_G1_126,1,1,1,1,1,1,1,1,1,1,1,1,1,1,1,1,1,1,1,1,1,1,1,1,1,n,1,1,1,1,1,-,1,1,1,1,1,1,1,1,1,1,1,1,1,1,1,-,1,1,1,1,1,1,1,1,1,1,1,1,-,1,1,1,1,1,-,1,1,1,1,1,1,1,1,1,1,n,1,1,1,1,-,1,1,1,1,1,1,-,1,1,1,1,1,1,1,1,1,-,1,1,-,n,1,1,1,1,1,1,-,1,1,1
529LxSC_P81_G8_142,1,1,1,1,1,1,1,1,1,1,1,1,1,1,-,1,1,1,1,1,1,1,1,1,1,1,1,1,1,1,1,1,1,1,1,1,1,1,1,1,1,1,1,1,1,1,1,-,1,1,-,1,1,1,1,1,1,1,1,1,-,1,1,1,1,1,-,1,1,1,1,1,1,1,1,1,1,n,1,1,1,1,-,1,1,1,1,1,1,-,-,1,1,1,1,1,1,1,1,-,1,1,-,1,1,1,1,1,1,1,-,1,1,1
529LxSC_P82_G9_158,1,1,1,n,1,1,1,1,1,1,1,1,1,1,1,1,1,1,1,1,1,1,1,1,1,1,1,1,1,1,1,1,1,1,1,1,1,1,1,1,1,1,1,1,1,1,1,-,1,1,1,1,1,1,1,1,1,1,1,1,-,1,1,1,1,1,-,1,1,1,1,1,1,1,1,x,1,n,1,1,1,1,1,1,1,1,1,1,1,-,-,1,1,1,1,1,1,1,1,1,1,1,-,1,1,1,1,1,1,1,1,1,1,1
529LxSC_P83_G10_174,n,n,n,n,n,n,n,n,n,n,n,n,n,n,1,n,n,n,2,n,n,n,n,n,n,n,n,n,n,n,2,2,2,2,n,x,x,2,n,x,x,n,2,n,n,2,x,-,2,2,x,n,x,1,n,n,n,n,n,n,-,n,n,x,n,n,-,n,n,n,n,x,n,2,2,2,n,2,2,2,2,2,2,2,2,2,2,2,2,-,2,2,2,2,2,2,2,2,2,2,n,n,-,x,x,n,n,n,n,n,2,n,n,x
529LxSC_P84_G11_190,2,n,n,n,n,n,n,n,n,n,n,n,n,n,n,n,n,n,n,n,n,n,n,n,n,n,1,n,n,n,1,-,1,1,1,1,1,1,1,1,1,1,1,1,1,1,1,-,1,1,1,1,1,1,1,1,1,1,1,1,-,1,x,n,x,x,-,x,x,x,x,n,x,n,n,n,n,1,n,n,n,n,-,n,n,n,1,1,1,-,1,1,1,1,1,1,1,1,1,-,2,2,-,2,2,2,2,2,2,2,2,2,2,2
529LxSC_P85_G12_206,x,x,x,x,x,x,x,x,x,x,x,x,x,x,n,n,x,x,x,x,x,x,x,x,x,x,1,x,x,x,n,-,x,x,x,x,x,x,x,x,x,x,x,x,x,x,x,-,n,x,x,x,x,n,x,x,x,x,x,x,-,x,1,x,x,x,-,x,x,x,x,x,x,x,x,n,x,x,x,x,x,x,2,x,x,x,x,x,x,-,x,x,x,x,n,x,x,x,x,-,x,n,-,x,x,x,x,x,x,x,2,x,x,x
529LxSC_P8_A7_114,x,x,x,x,n,n,n,x,x,x,x,x,x,x,n,x,x,1,x,x,x,x,x,x,x,n,x,x,x,x,-,x,x,x,2,x,x,2,x,x,x,x,x,x,x,n,x,-,n,n,x,n,x,x,x,x,x,x,x,x,-,n,x,x,x,x,2,n,x,x,x,x,n,x,x,n,x,x,x,x,x,x,x,x,x,x,x,n,x,-,n,x,x,x,x,x,x,x,x,n,x,1,-,2,x,x,x,x,n,x,x,n,x,x
Mixed_Plate_S119_130,1,1,1,1,1,1,1,1,1,1,1,1,1,1,1,1,1,1,1,1,1,1,1,1,1,1,1,1,1,1,1,1,1,1,1,1,1,1,1,1,1,1,1,1,1,1,1,-,1,1,1,1,x,1,1,1,1,1,1,1,-,1,1,1,1,1,-,1,1,1,1,1,1,1,1,1,1,1,1,1,1,1,1,1,1,1,x,1,1,-,1,1,1,1,1,1,1,1,1,-,n,1,-,1,1,1,1,1,1,1,-,1,1,1
Mixed_Plate_S378_132,x,x,x,x,x,n,-,x,x,2,x,x,x,x,1,-,x,-,1,n,1,x,n,n,n,n,x,x,x,x,x,2,x,x,n,x,x,-,1,x,n,x,1,x,x,x,x,-,x,x,x,x,n,x,x,n,x,x,x,x,-,x,x,x,n,x,-,n,x,x,n,x,n,x,1,n,x,x,x,x,x,x,-,x,x,x,n,x,x,-,2,n,x,x,x,n,x,x,x,-,n,n,-,x,x,x,1,1,2,n,-,x,x,x
Mixed_Plate_S441_138,x,x,x,x,n,n,x,x,x,x,x,x,x,x,1,x,x,n,1,x,x,x,n,x,x,x,x,x,x,x,x,-,x,x,x,x,x,n,x,x,x,x,x,x,x,x,x,-,1,x,x,x,x,x,x,x,x,x,x,x,-,x,x,x,x,x,-,n,x,x,x,x,x,x,x,n,x,x,x,x,x,x,-,x,x,x,x,x,x,-,1,x,x,x,x,x,n,x,x,-,x,x,-,x,x,x,n,x,n,n,-,x,x,x
Mixed_Plate_S442_140,x,x,x,x,x,x,x,x,x,x,x,x,x,x,x,x,x,x,x,x,x,x,x,x,x,x,x,x,x,x,x,x,x,x,x,x,x,x,x,x,x,x,x,x,x,x,x,-,x,x,x,x,x,x,x,x,x,x,x,x,-,x,x,x,x,x,x,n,x,x,x,x,x,x,x,n,x,x,x,x,x,x,x,x,x,x,x,x,x,-,x,x,x,x,x,x,x,x,x,x,x,x,-,n,x,x,x,x,n,x,x,x,x,x
Mixed_Plate_S443_142,x,x,x,x,x,x,x,x,x,x,x,n,n,n,1,x,x,n,1,x,2,x,x,x,x,x,1,x,x,x,x,-,x,x,x,x,x,n,x,x,n,x,x,x,x,x,x,-,1,x,2,x,x,x,x,x,x,x,x,x,-,x,x,x,x,x,-,x,n,x,x,x,x,x,n,n,x,x,x,x,x,x,1,x,x,x,x,x,x,-,2,x,n,x,n,x,x,x,x,-,x,x,-,x,x,x,n,x,1,x,2,2,1,n
Mixed_Plate_S444_144,n,n,n,n,n,n,1,n,n,n,n,n,n,n,n,n,n,n,n,n,n,n,n,n,n,n,1,n,n,n,n,1,x,x,1,x,n,n,x,n,n,x,x,x,x,x,n,-,x,1,1,n,1,1,1,1,1,1,1,1,-,1,n,n,n,n,-,n,n,n,n,n,n,n,n,n,2,1,n,n,n,n,1,n,n,x,1,n,n,-,n,n,n,n,x,n,n,n,n,-,n,n,-,n,n,n,n,1,n,1,2,n,n,n
Mixed_Plate_S445_114,n,n,n,n,n,n,n,n,n,n,n,n,n,n,n,n,n,n,n,n,n,n,n,n,n,n,n,n,n,n,x,-,n,n,n,x,x,x,n,x,x,n,n,n,n,n,x,-,n,n,x,n,n,n,n,n,n,n,n,n,-,n,1,n,1,1,-,1,1,1,1,1,1,2,n,2,2,2,2,2,2,2,2,2,2,2,1,n,n,-,2,n,x,n,n,n,n,n,n,-,n,n,-,n,n,n,n,1,n,1,2,n,n,n
Mixed_Plate_S446_116,x,n,n,n,n,n,n,n,n,n,n,n,n,n,n,n,n,1,n,n,n,n,n,n,n,n,n,n,n,n,x,-,n,x,n,x,x,n,n,x,x,n,n,n,n,n,x,-,n,n,n,n,n,n,n,n,n,n,n,n,-,n,1,n,1,1,-,1,1,1,1,1,1,2,2,2,2,2,2,2,2,2,-,2,2,2,1,n,n,-,2,n,n,n,n,n,n,n,x,-,n,n,-,n,n,n,n,1,n,1,-,n,n,n
Mixed_Plate_S447_118,n,x,x,x,n,x,n,x,n,n,x,x,x,n,1,1,n,n,n,x,x,x,n,x,x,x,x,x,x,x,x,-,x,x,n,x,x,1,x,x,n,x,n,n,x,x,x,-,n,x,2,n,x,x,x,x,x,n,x,n,-,1,x,x,x,1,-,n,x,x,x,x,x,x,x,n,x,x,x,x,n,x,1,x,x,x,x,x,x,-,n,x,x,x,n,n,n,x,x,-,x,x,-,x,x,x,x,x,n,x,-,n,1,x
Mixed_Plate_S448_120,x,x,x,x,x,x,x,x,x,x,x,x,x,x,x,x,x,x,x,x,x,x,x,x,x,x,x,x,x,x,x,1,x,x,x,x,x,n,x,x,x,x,x,x,x,x,x,-,x,x,x,x,x,x,x,x,x,x,x,x,-,x,x,x,x,x,-,x,x,x,x,x,x,x,x,n,x,x,x,x,x,x,x,x,x,x,x,x,x,-,x,x,x,x,x,n,x,x,x,-,n,n,-,x,x,x,x,x,x,x,2,x,x,x
Mixed_Plate_S449_122,n,n,n,n,n,n,n,n,n,n,x,n,n,n,n,n,1,n,n,n,n,n,n,n,n,n,n,x,n,n,x,2,n,n,n,x,x,x,n,x,x,x,n,n,n,n,x,-,n,n,n,n,n,n,n,n,n,n,n,n,-,n,1,1,1,1,-,1,1,1,1,x,1,2,2,2,2,2,2,2,2,2,2,2,2,2,1,n,n,-,2,n,n,n,n,n,x,n,n,-,n,n,-,n,n,n,n,1,n,1,2,x,n,n
Mixed_Plate_S450_124,n,n,n,n,n,x,x,n,n,x,n,x,n,x,x,x,x,n,n,n,x,n,x,n,n,n,x,n,x,n,x,1,x,x,x,x,x,x,x,x,x,x,x,x,x,x,x,-,x,x,x,x,x,x,x,x,x,x,x,x,-,x,n,x,n,n,-,n,n,n,n,x,n,n,n,n,n,1,x,x,n,x,1,x,x,n,n,n,x,-,x,x,n,x,n,n,n,n,x,-,x,x,-,n,n,1,x,x,n,x,n,x,1,n
Mixed_Plate_S451_126,n,n,n,n,n,x,x,n,n,x,n,x,n,x,x,x,x,n,n,n,x,n,x,n,n,n,x,n,x,n,x,n,x,x,x,x,x,x,x,x,x,x,x,x,x,x,x,-,2,x,x,x,x,x,x,x,x,x,x,x,-,x,x,x,x,x,-,x,x,x,x,n,x,x,x,n,x,x,x,x,x,x,x,x,x,x,x,x,x,-,x,x,x,x,x,x,x,x,x,n,x,x,-,x,x,x,x,x,x,x,2,x,x,x
Mixed_Plate_S452_128,x,x,x,x,x,x,x,x,x,x,x,x,x,x,x,x,x,x,x,x,x,x,x,x,x,x,x,x,x,x,x,1,x,x,x,x,x,x,x,x,x,x,x,x,x,x,x,-,x,x,x,x,x,x,x,x,x,x,x,x,-,x,x,x,x,x,-,x,x,x,x,x,x,x,x,n,x,x,x,x,x,x,-,x,x,x,x,x,x,-,x,x,x,x,x,x,x,x,x,-,x,x,-,x,x,x,x,x,x,x,2,x,x,x
Mixed_Plate_S453_194,x,x,x,x,x,x,x,x,x,x,x,x,x,x,x,x,x,x,x,x,x,x,x,x,x,x,x,x,x,x,x,1,x,x,x,x,x,x,x,x,x,x,x,x,x,x,x,-,x,x,x,x,x,x,x,x,x,x,x,x,-,x,x,x,x,x,-,x,x,x,x,x,x,x,x,n,x,x,x,x,x,x,1,x,x,x,x,x,x,-,x,x,x,x,x,x,x,x,x,n,x,x,-,x,x,x,x,x,x,x,2,x,x,x
Mixed_Plate_S454_196,x,x,x,x,x,1,2,x,x,n,x,x,x,x,1,n,n,1,n,x,x,x,n,x,x,n,x,x,x,x,x,2,x,x,n,x,x,n,x,x,x,n,x,x,x,n,x,-,x,x,x,n,2,x,x,n,x,x,x,x,-,x,x,x,x,x,-,x,x,x,x,x,x,x,x,n,x,x,x,x,x,x,-,x,x,x,1,x,x,-,x,x,x,x,2,x,x,x,x,2,x,x,-,x,x,x,n,x,n,n,-,1,n,n
Mixed_Plate_S457_200,x,x,x,x,x,x,1,x,x,n,x,x,x,x,2,2,x,1,x,n,x,x,x,x,x,n,x,x,x,x,x,2,x,x,x,x,x,n,x,x,n,x,x,x,x,x,x,-,n,x,x,n,x,x,x,x,x,x,x,x,-,x,x,x,x,x,-,n,x,x,x,x,x,x,x,n,x,x,x,x,x,x,-,x,x,x,x,x,x,-,x,x,2,x,x,x,x,x,x,-,x,x,-,x,x,x,n,x,x,1,2,n,1,x
Mixed_Plate_S458_202,x,x,x,x,x,x,x,x,x,x,x,x,x,x,x,x,x,x,x,x,x,x,x,x,x,x,x,x,x,x,x,n,x,x,x,x,x,x,x,x,x,x,x,x,x,x,x,-,x,x,x,x,x,x,x,x,x,x,x,x,-,x,x,x,x,x,-,x,x,x,x,x,x,x,x,n,x,x,x,x,x,x,1,x,x,x,x,x,x,-,x,x,x,x,x,x,x,x,x,-,x,x,-,x,x,x,x,x,x,x,2,x,x,x
Mixed_Plate_S459_204,x,x,x,x,x,x,x,x,x,x,x,x,x,x,x,x,x,x,x,x,x,x,x,x,x,x,x,x,x,x,x,x,x,x,x,x,x,x,x,x,x,x,x,x,x,x,x,-,x,x,x,x,x,x,x,x,x,x,x,x,-,x,x,x,x,x,x,x,x,x,x,x,x,x,x,n,x,x,x,x,x,x,x,x,x,x,x,x,x,-,x,x,x,x,x,x,x,x,x,x,x,x,-,x,x,x,x,x,x,x,x,x,x,x
Mixed_Plate_S461_206,n,n,n,n,n,n,n,n,n,n,n,n,n,n,n,n,n,n,n,n,n,n,n,n,n,n,n,n,n,n,x,x,n,n,n,x,x,x,n,x,x,n,n,n,n,n,x,-,n,n,n,n,n,x,n,n,n,n,x,n,-,n,1,x,1,1,-,1,1,1,1,1,1,2,2,2,2,2,2,2,2,2,2,2,2,2,1,n,n,-,2,n,n,x,n,n,n,n,n,n,n,n,-,n,n,n,n,1,n,1,n,n,n,n
Mixed_Plate_S462_208,n,n,n,n,n,n,n,n,n,n,n,n,n,n,n,n,n,n,n,n,n,n,n,n,n,n,x,n,n,n,n,n,n,n,n,n,n,n,n,n,n,n,n,n,n,n,n,-,1,x,x,n,n,n,n,n,n,n,n,n,-,n,n,x,n,n,-,n,n,n,n,n,n,1,1,1,1,1,1,1,1,1,1,1,1,1,1,n,n,-,2,n,n,n,n,n,n,n,n,1,n,n,-,x,x,x,n,n,x,n,2,n,1,n
Mixed_Plate_S463_178,n,n,n,n,n,n,n,n,n,n,n,n,n,n,n,n,n,n,n,n,n,n,n,n,n,n,n,n,n,n,x,n,n,n,x,x,x,x,n,x,x,n,n,n,n,n,x,-,n,n,n,n,n,n,x,n,n,n,n,n,-,n,n,1,1,1,-,1,1,1,1,1,1,2,2,2,2,2,2,2,2,2,2,2,2,2,1,n,n,-,2,n,n,n,n,n,n,n,n,n,n,n,-,n,n,n,n,1,n,1,n,n,n,n
Mixed_Plate_S464_180,x,x,x,x,x,x,x,x,x,x,x,x,x,x,x,x,x,x,x,x,x,x,x,x,x,x,x,x,x,x,x,n,x,x,x,x,x,x,x,x,x,x,x,x,x,x,x,-,1,x,x,x,x,x,x,x,x,x,x,x,-,x,x,x,x,x,2,x,x,x,x,x,x,x,x,n,x,x,x,x,x,x,x,x,x,x,x,x,x,-,x,x,x,x,x,x,x,x,x,-,x,x,-,x,x,x,x,x,x,1,1,x,x,x
Mixed_Plate_S465_182,n,n,n,n,n,n,n,n,n,n,n,n,n,n,n,n,n,n,n,n,n,n,n,n,n,n,n,n,n,n,x,2,n,n,n,x,x,x,n,x,x,n,n,n,n,n,x,-,n,x,n,n,n,n,n,n,n,n,n,n,-,n,1,1,1,1,-,1,n,1,1,1,1,2,2,2,2,2,2,2,2,2,2,2,2,2,1,n,n,-,2,n,n,n,n,n,n,n,n,-,n,n,-,n,n,n,n,1,n,1,2,n,n,n
Mixed_Plate_S466_184,n,n,n,n,n,n,n,n,x,n,n,n,n,n,n,n,n,n,1,n,n,n,n,n,n,n,1,n,n,n,x,n,n,n,2,x,x,x,2,x,x,n,n,n,n,n,x,-,-,n,x,n,n,n,n,n,n,n,n,n,-,n,1,x,1,1,-,1,1,1,1,1,1,2,2,2,2,2,2,2,2,2,2,2,2,2,1,n,n,-,2,n,n,n,n,n,n,n,n,-,n,n,-,n,n,n,n,1,n,1,2,n,1,1
Mixed_Plate_S467_186,x,x,x,x,x,x,x,x,x,x,x,x,x,x,x,x,x,x,x,x,x,x,x,x,x,x,x,x,x,x,x,n,x,x,x,x,x,x,x,x,x,x,x,x,x,x,x,-,2,x,x,x,x,x,x,x,x,x,x,x,-,x,x,x,x,x,-,x,x,x,x,x,x,x,x,n,x,x,x,x,x,x,x,x,x,x,x,x,x,-,x,x,x,x,x,x,x,x,x,1,x,x,-,x,x,x,x,x,x,x,2,x,n,x
Mixed_Plate_S468_188,n,n,n,n,n,n,n,n,x,n,n,n,n,n,n,n,n,n,n,n,n,n,n,n,n,n,n,n,n,n,x,x,n,n,n,x,x,x,n,x,x,n,n,n,n,n,x,-,n,n,n,n,n,n,n,n,n,n,n,n,-,n,1,1,1,1,1,1,1,1,1,1,1,2,2,2,2,2,2,2,2,2,2,2,2,2,1,n,n,-,2,n,n,n,n,n,n,n,n,n,n,n,-,n,n,n,n,1,n,1,n,n,n,n
Mixed_Plate_S470_190,2,x,x,x,x,n,n,x,x,n,x,n,x,n,n,n,x,x,x,x,n,x,n,x,x,x,x,x,x,x,n,1,n,n,n,n,n,n,n,n,n,n,n,n,n,n,n,-,n,x,x,n,n,n,n,n,n,n,n,n,-,n,n,n,x,n,2,n,n,n,n,n,n,n,n,n,n,1,n,n,n,n,1,n,n,n,2,2,2,-,2,2,2,2,2,2,2,2,2,1,n,n,-,2,2,2,2,2,2,2,2,2,2,2
Mixed_Plate_S471_192,x,x,x,x,x,x,x,x,x,x,x,x,x,x,x,x,x,x,x,x,x,x,x,x,x,x,x,x,x,x,x,n,x,x,x,x,x,x,x,x,x,x,x,x,x,x,x,-,1,x,x,x,x,x,x,x,x,x,x,x,-,x,x,x,x,x,1,x,x,x,x,x,x,x,x,n,x,x,x,x,x,x,x,x,x,x,x,x,x,-,x,x,x,x,x,x,x,x,x,1,x,x,-,x,x,x,x,x,x,x,2,x,x,x
Mixed_Plate_S472_162,x,x,x,x,x,x,x,x,x,x,x,x,x,x,n,x,x,x,x,x,x,x,x,x,x,x,x,x,x,x,x,x,x,x,x,x,x,x,x,x,x,x,x,x,x,x,x,-,x,x,x,x,x,x,x,x,x,x,x,x,-,x,x,x,x,x,x,x,x,x,x,x,x,x,x,n,x,x,x,x,x,x,x,x,x,x,x,x,x,-,x,x,x,x,x,x,x,x,x,x,x,x,-,x,x,x,x,x,x,x,x,x,x,x
Mixed_Plate_S473_134,n,x,x,x,x,n,n,x,x,x,x,x,x,x,x,n,x,2,x,x,n,x,n,x,x,n,x,x,x,x,x,-,x,x,x,x,x,2,x,x,x,x,x,x,x,x,x,-,2,x,2,x,x,x,x,x,x,x,x,x,-,x,x,x,x,x,-,2,x,x,x,x,x,x,x,n,x,x,x,x,x,x,-,x,x,x,n,x,x,-,x,x,n,x,x,x,n,x,x,-,x,x,-,n,x,x,x,-,1,x,-,2,x,x
Mixed_Plate_S473_164,x,x,x,x,x,x,x,x,x,x,x,x,x,x,x,x,x,x,x,x,x,x,x,x,x,x,x,x,x,x,x,2,x,x,x,x,x,x,x,x,x,x,x,x,x,x,x,-,n,x,x,x,x,x,x,x,x,x,x,x,-,x,x,x,x,x,-,x,x,x,x,x,x,x,x,n,x,x,x,x,x,x,x,x,x,x,x,x,x,-,x,x,x,x,x,x,x,x,x,2,x,x,-,x,x,x,x,x,x,x,n,x,x,x
Mixed_Plate_S477_168,1,n,n,n,n,n,1,n,n,n,n,n,n,n,n,n,n,n,n,n,n,n,n,n,n,n,n,n,n,n,n,1,x,x,x,x,n,n,x,n,n,x,x,x,x,x,n,-,x,n,x,n,n,n,n,n,n,n,n,n,-,n,n,n,n,n,-,n,n,n,n,x,n,n,n,n,n,n,x,x,n,n,n,x,x,n,2,2,2,-,2,2,2,2,2,2,2,2,2,-,n,n,-,1,1,1,1,1,1,1,1,1,1,1
Mixed_Plate_S480_170,n,n,n,n,n,n,n,n,n,n,n,n,n,n,n,n,n,n,n,n,n,n,n,n,n,n,n,n,n,n,x,2,n,n,n,x,x,x,n,x,x,n,n,n,n,n,x,-,n,n,x,n,n,n,x,n,n,n,n,n,-,n,1,x,1,1,1,1,1,1,1,1,1,2,2,2,2,2,2,2,2,2,2,2,2,2,1,n,n,-,2,n,n,n,n,n,n,n,n,1,n,n,-,n,n,n,n,1,n,1,2,n,n,n
Mixed_Plate_S481_172,n,n,n,n,n,n,n,n,n,n,n,n,n,n,n,n,n,n,n,n,n,n,n,n,n,n,n,n,n,n,x,2,n,n,n,x,x,x,n,x,x,n,n,n,n,n,x,-,n,n,x,x,n,n,n,n,n,n,n,n,-,n,1,1,1,1,-,1,1,1,1,1,1,2,2,2,2,2,2,2,2,2,2,2,2,2,1,x,n,-,2,n,n,n,n,n,n,n,n,1,n,n,-,n,n,n,n,n,n,1,2,n,n,n
