,Ca21chr1_C_albicans_SC5314,Ca21chr1_C_albicans_SC5314,Ca21chr1_C_albicans_SC5314,Ca21chr1_C_albicans_SC5314,Ca21chr1_C_albicans_SC5314,Ca21chr2_C_albicans_SC5314,Ca21chr4_C_albicans_SC5314,Ca21chr5_C_albicans_SC5314,Ca21chr6_C_albicans_SC5314,Ca21chr6_C_albicans_SC5314,Ca21chrR_C_albicans_SC5314,Ca21chrR_C_albicans_SC5314
,73201,87688,812529,1397640,2776315,1839720,1568599,506642,354171,383519,723905,1013982
,2357,2496,2445,353,1595,3393,6340,7646,8356,8384,11239,9754
529LxSC_P10_A9_146,x,x,x,x,x,x,x,x,x,x,x,x
529LxSC_P11_A10_162,x,x,x,x,x,x,x,x,x,x,x,x
529LxSC_P12_A11_178,-,x,x,x,x,x,x,x,x,x,x,x
529LxSC_P13_A12_194,x,x,x,x,x,x,x,x,x,x,x,x
529LxSC_P14_B1_116,x,x,n,x,x,x,x,x,x,x,x,x
529LxSC_P15_B2_132,x,x,2,x,x,x,n,x,x,x,x,x
529LxSC_P20_B7_116,x,x,x,x,x,x,x,x,x,x,1,x
529LxSC_P22_B9_148,x,x,x,x,x,x,x,x,x,x,x,x
529LxSC_P23_B10_164,x,x,x,x,x,x,x,x,x,x,x,x
529LxSC_P24_B11_180,x,x,x,x,x,n,x,x,x,x,n,1
529LxSC_P26_C1_118,x,x,x,x,x,x,x,x,x,x,x,x
529LxSC_P2_A1_114,x,x,x,x,x,n,x,x,x,x,x,x
529LxSC_P32_C7_118,x,x,x,x,x,x,x,x,x,x,x,x
529LxSC_P33_C8_134,x,x,x,x,1,x,x,x,2,x,x,x
529LxSC_P35_C10_166,x,x,n,x,x,n,n,x,1,x,n,n
529LxSC_P36_C11_182,x,x,x,x,x,x,x,x,x,x,x,1
529LxSC_P37_C12_198,x,n,2,x,n,n,x,2,2,n,x,1
529LxSC_P39_D2_136,x,x,n,x,1,x,1,x,-,n,x,1
529LxSC_P40_D3_152,x,x,x,x,-,x,x,x,-,x,x,n
529LxSC_P41_D4_168,x,x,x,x,x,x,n,n,2,x,1,x
529LxSC_P44_D7_120,x,x,x,x,x,x,n,x,n,x,x,x
529LxSC_P46_D9_152,x,n,n,x,n,n,x,n,n,n,1,1
529LxSC_P48_D11_184,n,n,2,n,n,n,1,2,n,x,n,n
529LxSC_P49_D12_200,n,n,n,n,n,x,x,1,1,x,1,n
529LxSC_P52_E3_154,x,x,x,x,x,x,x,x,n,x,x,x
529LxSC_P53_E4_170,x,x,x,x,x,x,x,x,x,x,x,x
529LxSC_P57_E8_138,x,x,2,x,x,x,x,x,n,x,x,x
529LxSC_P59_E10_170,x,x,x,x,x,x,x,x,x,x,x,x
529LxSC_P62_F1_124,n,n,2,n,1,1,n,1,n,n,1,n
529LxSC_P66_F5_188,1,n,1,n,1,1,1,1,1,n,1,1
529LxSC_P68_F7_124,x,x,x,n,x,x,x,x,2,n,x,x
529LxSC_P72_F11_188,n,x,n,n,1,x,x,n,2,x,x,x
529LxSC_P73_F12_204,x,x,x,x,x,x,x,x,2,x,x,x
529LxSC_P74_G1_126,1,1,1,1,1,1,1,n,1,1,1,1
529LxSC_P81_G8_142,1,1,1,1,1,1,1,n,-,1,1,1
529LxSC_P82_G9_158,1,1,1,1,1,1,1,n,-,1,1,1
529LxSC_P83_G10_174,n,n,n,n,n,n,n,2,2,2,n,n
529LxSC_P84_G11_190,n,n,n,n,1,1,x,1,1,1,2,2
529LxSC_P85_G12_206,x,x,x,x,1,x,x,x,x,x,x,x
529LxSC_P8_A7_114,x,x,x,x,x,x,n,x,n,x,x,x
Mixed_Plate_S119_130,1,1,1,1,1,1,1,1,1,1,1,1
Mixed_Plate_S378_132,x,x,x,x,x,x,n,x,2,n,x,1
Mixed_Plate_S441_138,x,x,x,x,x,x,x,x,1,x,x,x
Mixed_Plate_S442_140,x,x,x,x,x,x,x,x,x,x,x,x
Mixed_Plate_S443_142,x,x,x,x,1,x,x,x,2,x,x,x
Mixed_Plate_S444_144,n,n,n,n,1,x,n,1,n,n,n,1
Mixed_Plate_S445_114,n,n,n,n,n,n,1,2,2,n,n,1
Mixed_Plate_S446_116,n,n,n,n,n,n,1,2,2,n,n,1
Mixed_Plate_S447_118,x,x,n,n,x,n,x,x,n,x,x,x
Mixed_Plate_S448_120,x,x,x,x,x,x,x,x,x,x,x,x
Mixed_Plate_S449_122,n,n,n,1,n,n,1,2,2,n,n,1
Mixed_Plate_S450_124,n,n,n,x,x,x,n,1,x,x,1,x
Mixed_Plate_S451_126,n,n,n,x,x,x,x,x,x,x,x,x
Mixed_Plate_S452_128,x,x,x,x,x,x,x,x,x,x,x,x
Mixed_Plate_S453_194,x,x,x,x,x,x,x,x,x,x,x,x
Mixed_Plate_S454_196,x,x,x,n,x,x,x,x,x,x,x,x
Mixed_Plate_S457_200,x,x,x,x,x,x,x,x,x,x,x,x
Mixed_Plate_S458_202,x,x,x,x,x,x,x,x,x,x,x,x
Mixed_Plate_S459_204,x,x,x,x,x,x,x,x,x,x,x,x
Mixed_Plate_S461_206,n,n,n,n,n,n,n,2,2,n,n,1
Mixed_Plate_S462_208,n,n,n,n,x,n,n,1,2,n,x,n
Mixed_Plate_S463_178,n,n,n,n,n,n,1,2,2,n,n,1
Mixed_Plate_S464_180,x,x,x,x,x,x,x,x,x,x,x,x
Mixed_Plate_S465_182,n,n,n,n,n,n,1,2,2,n,n,1
Mixed_Plate_S466_184,n,n,x,n,1,n,1,2,2,n,n,1
Mixed_Plate_S467_186,x,x,x,x,x,x,x,x,x,x,x,x
Mixed_Plate_S468_188,n,n,x,n,n,n,1,2,2,n,n,1
Mixed_Plate_S470_190,x,x,x,x,x,n,n,1,2,2,2,2
Mixed_Plate_S471_192,x,x,x,x,x,x,x,x,x,x,x,x
Mixed_Plate_S472_162,x,x,x,x,x,x,x,x,x,x,x,x
Mixed_Plate_S473_134,x,x,x,x,x,x,x,x,x,x,x,-
Mixed_Plate_S473_164,x,x,x,x,x,x,x,x,x,x,x,x
Mixed_Plate_S477_168,n,n,n,n,n,x,n,n,2,2,1,1
Mixed_Plate_S480_170,n,n,n,n,n,n,1,2,2,n,n,1
Mixed_Plate_S481_172,n,n,n,n,n,n,1,2,2,n,n,n
